Address,Osiris,,Zeus,,
0x949bed886c739f1a3273629b3320db0c5024c719,Unsafe,,Unsafe,Correct
0xfd39bd49ab3df4eda75a23807dab186d4902f924,Safe,,Unsafe,Correct
0x9053d234a1ff2290f087a1ca9460e3263121e580,Safe,,Safe,Correct
0xad87e48d553c2308dccab428537f6d0809593ba4,Safe,,Unsafe,Correct
0x9ab2b9bd7c70ba12757eadcda5a9626ac247fadf,Safe,,Unsafe,Correct
0x772cba2f87f92e95bb8ffa96187bbedebbb484d3,Safe,,Unsafe,Correct
0x35bd607db942fe1f10ce12b309e3a67e16660fe1,Unsafe,,Unsafe,Correct
0x8a46eeadd53f09ec213cc884f3af0339a86e0086,Safe,,Safe,Correct
0xe94b04a0fed112f3664e45adb2b8915693dd5ff3,Safe,,Safe,Correct
0x1b27996479b11abc8a8d0447deb3fb0183788484,Unsafe,,Unsafe,Correct
0xe2e4d0d3410cd3e81bfcb7dad364dd168bb499f3,Unsafe,,Unsafe,Correct
0x2e1cff135ca6bbc0012a01fa246a0a39aeb10d2d,Unsafe,,Unsafe,Correct
0x9aa7889526708afdfb6c5222e47ed96bfdacb945,Safe,,Unsafe,Correct
0x940e7d8fb34921c3c5bbb8b9792b1a0e4688fe9b,Unsafe,,Unsafe,Correct
0xdd69f2a23d9709c980cbf09c5c952a8b53663812,Unsafe,,Unsafe,Correct
0xcf0c7e3ad3b2c82bddd286a301afaafd185f30ec,Safe,,Unsafe,Correct
0x1afd952269873fe009c7bdff5f07fd91605a7227,Unsafe,,Unsafe,Correct
0x68ed5f7482307dcd325cd92d48b52b0a2e2a7069,Unsafe,,Unsafe,Correct
0x4c465715e56f95cc9623144d1378bdd044dd3e1e,Unsafe,,Unsafe,Correct
0x218e5ea7e104385b0b91097519dfde91f15613c7,Unsafe,,Unsafe,Incorrect
0xa4879ea62bd45aafb90a19edeb1afd7aae19765d,Unsafe,,Unsafe,Correct
0xcf31dd376d15db527375b8c2b24e0ef45bcf71b6,Unsafe,,Unsafe,Correct
0xe7f4f5abba4a0ae18eaa31796876d137e19b93ad,Safe,,Safe,Correct
0xd934ee44c22fe8cf0f43bf66620b3001d9172904,Safe,,Unsafe,Correct
0x3fa36c63b7b8a0d969cdc6ee3bdff2211b8d3ad5,Safe,,Safe,Correct
0x0d40d751ee117de6248c2645f7708b889b97bb5c,Safe,,Unsafe,Correct
0x84e37d39a263866691e285f23df9650487d728f5,Safe,,Safe,Correct
0xa623bca1460bb9207aa8b4ad00faea3f30f0c549,Safe,,Unsafe,Correct
0x30e1a463ecf25dbba2f83cb3e4b10045f888e55b,Safe,,Unsafe,Correct
0x7996d791995b9f9c15eb4c3e899b09a344c54bdb,Unsafe,,Unsafe,Correct
0xc1ce17303ef35c128b499ed091f39008b3a57389,Safe,,Unsafe,Correct
0x5965c4ee0e04ab0aa480527b7c91be8deca47f9c,Unsafe,,Unsafe,Correct
0xe01b770235bc5db653604e5519f048df54490b5f,Unsafe,,Unsafe,Incorrect
0xb02bd126cd5477b2c166f8a31fab75db0c074371,Safe,,Safe,Correct
0x33a8ea1c8c6294c9f65f3dad7ca7f037bd09f951,Unsafe,,Unsafe,Correct
0x80f84866d4872f1ea412ddf10e2ed7af0b8ca8fb,Safe,,Unsafe,Correct
0x4a7fd82c5c173be7d41541b76c43e26553b0f28b,Unsafe,,Unsafe,Correct
0x8b89db5dded802e731bf73f7b5919d77e4c0c55b,Safe,,Safe,Correct
0x6e01ee36b522a824609b7f7dfb5e4aa8fbb48934,Unsafe,,Unsafe,Correct
0xab5c8051b9a1df1aab0149f8b0630848b7ecabf6,Safe,,Safe,Correct
0xecae6888e3ea6a2a8dbf95500a1f74dd27c3b54e,Safe,,Unsafe,Correct
0xdd29e9818ddf08253486006ae0f82efb2f50db2e,Safe,,Safe,Correct
0xf5b86b8a7d3ad269edff19e2f2d0c59b42aefb13,Safe,,Safe,Correct
0x7b9e81ec3591b570aa2c9fbec77f7dda76ac4f6d,Safe,,Safe,Correct
0x9047ef7c3d52956dd0909c1c1e011e986ce60691,Unsafe,,Unsafe,Correct
0xb40d0312bac389ae0a05053020aac80c9237358b,Unsafe,,Timeout_Verifier,
0xfb688899ad346019f053c9b0a0880b3b558d768d,Safe,,Safe,Correct
0xa2a27c3d265803ecb0f50a8efcfd1cfa0fe18764,Unsafe,,Unsafe,Correct
0xdcabd383a7c497069d0804070e4ba70ab6ecdd51,Unsafe,,Unsafe,Correct
0xba2f113927c4a98fdc1e2378e318ad78f72311e3,Unsafe,,Unsafe,Correct
0x6846b938f9be9f1eeeb9bfd853636c805f8f54d3,Unsafe,,Unsafe,Correct
0xeb3c1a7f816da958a0f8b9f4ef63a19b26d03739,Safe,,Safe,Correct
0xda7fa6e0b04c76683f54c973931862d7fe474a85,Safe,,Safe,Correct
0x7f64e2913511ceb3301f0515548ab7539735182b,Safe,,Unsafe,Correct
0x22240d285d8e7e2d38f5257298e93e29a74163c0,Safe,,Unsafe,Correct
0xe88f13179f7564fd42de5f86e4b4f5dfebae02e3,Safe,,Safe,Correct
0xcd6608b1291d4307652592c29bff7d51f1ad83d7,Unsafe,,Unsafe,Correct
0x01aec4a59e5c23711627c59a922defc69c737491,Safe,,Unsafe,Correct
0x168296bb09e24a88805cb9c33356536b980d3fc5,Safe,,Unsafe,Incorrect
0xb75833c572861242521abd945b1723ffbd37d8d4,Unsafe,,Unsafe,Correct
0xa9e4e3b1da2462752aea980698c335e70e9ab26c,Unsafe,,Unsafe,Correct
0x2a650356bd894370cc1d6aba71b36c0ad6b3dc18,Unsafe,,Unsafe,Correct
0x428da5ff72d8be0efaa85336b6c6a9fc9e0f73fe,Unsafe,,Unsafe,Correct
0xcc55c6d6817b804ec8b32a6810d625d17cbfb3f1,Unsafe,,Unsafe,Correct
0xdcf14a9cba1d5ee6d4671c20c559373f331910ea,Safe,,Unsafe,Correct
0x952c9a569725d4cb710c69184e5eb8f56d6b8bd6,Safe,,Safe,Correct
0x49dcdd823acc3b8d3b92412cb41679cdfdca6144,Unsafe,,Unsafe,Correct
0x9758da9b4d001ed2d0df46d25069edf53750767a,Unsafe,,Unsafe,Correct
0x8b4aa759d83ec43efba755fc27923e4a581bccc1,Safe,,Unsafe,Correct
0xf236d15aa8164626e3457cd38e69d7f46f95eeb9,Safe,,Safe,Correct
0x06bb6701983e126f31a4c20d6becb12dfd70709e,Unsafe,,Unsafe,Correct
0x514ec53ad7171dbc7a51bb02e63273359ba2b011,Safe,,Unsafe,Correct
0x5bdf79f1e7431edb75537d23d3b404ef86f44316,Unsafe,,Unsafe,Correct
0x58b71665b05b7952472fb753541cd2cbd1020fab,Safe,,Safe,Correct
0x0c7b8eedd028f3730e7b0f3dc032e916302f09b4,Unsafe,,Unsafe,Correct
0xf884e0096f826f82d9999dc11becb836dbb7c1f7,Unsafe,,Unsafe,Correct
0xc5e8aaec3bd3ebe78b5bcd0f1560f0a61cc945cf,Unsafe,,Unsafe,Correct
0xae506bb28ed79b29c6968ab527d1efdc5f399331,Unsafe,,Unsafe,Correct
0xe19e5f100d6a31169b5dca265c9285059c41d4f6,Unsafe,,Unsafe,Correct
0xaffd8d333badb2a6dfab4854c5a30ac2dbb9db9f,Unsafe,,Unsafe,Correct
0xffafc4297a1337220d3c197fb497e501a509ff41,Unsafe,,Unsafe,Incorrect
0x83d6b58d87cb1dfc7778d0d13d3782da0eb29c0e,Unsafe,,Unsafe,Correct
0xcf03aa2f7bc286f8331a106591d813852416bc25,Unsafe,,Unsafe,Correct
0x09d0f669448efedd78f7292e79b6f8d9bc404339,Safe,,Safe,Correct
0x827ce5d8943d69c8538cd5662daf72be52176ed6,Unsafe,,Unsafe,Correct
0x1e56cd5e1a02ecb505ebd70d8ce7875c92911d71,Safe,,Unsafe,Correct
0x1c864f1851698ec6b292c936acfa5ac5288a9d27,Safe,,Unsafe,Correct
0xf48cf5ad04afa369fe1ae599a8f3699c712b0352,Unsafe,,Unsafe,Incorrect
0xd5c93b00516af744933016179195accd3ded981e,Safe,,Safe,Correct
0xba3e14a7f0169d86fc1389ad40ca4356a1404640,Safe,,Safe,Correct
0x3474627d4f63a678266bc17171d87f8570936622,Safe,,Safe,Correct
0x911d71eed45dbc20059004f8476fe149105bf1dc,Unsafe,,Unsafe,Correct
0x75f398d5b9e92d17ee307268c28779da26508f54,Safe,,Unsafe,Correct
0xd6ec04c0f9587cb822c315f662954af8c2174d66,Unsafe,,Unsafe,Correct
0x1cb0c1cba5193ec5e0303d46a83a7109629046b6,Safe,,Unsafe,Correct
0x04392398673e6247ba7b781029c4ab2aad9efc28,Safe,,Unsafe,Correct
0x6ba4313d6b01efd3c81224a1d34794b2a0b0cf76,Safe,,Safe,Correct
0x27c3defefe0b978e0a3d1a393eca34b60e25e964,Safe,,Unsafe,Correct
0x7cf51743ed1bce645e1bb4a3619b73cc782c8de6,Safe,,Safe,Correct
0xf243688304fa4f6c6efadc22b9c1dd009aa76650,Unsafe,,Unsafe,Correct
0x8aa0a9166218ad9c2a34a6ea018772c3336b0261,Unsafe,,Unsafe,Correct
0x8f6b975898ff1c9d89d60367349aed23b1bdd87f,Safe,,Safe,Correct
0xa152a8e307e6d33233e8d95a1e6d9edc5216ee00,Safe,,Unsafe,Correct
0x08711d3b02c8758f2fb3ab4e80228418a7f8e39c,Unsafe,,Unsafe,Incorrect
0xbe46324018124b2d604c2f3eae91d3de9b388b09,Unsafe,,Unsafe,Correct
0x2d420359f7d51272d49fb74656491f7cbc9be2c3,Safe,,Safe,Correct
0xdb22939e20a4c41cd7e2b9b325ce452b36c80dd9,Safe,,Safe,Correct
0x587d6669a2743a1d6094f150006f56f85b5aade3,Safe,,Safe,Correct
0xe4d29b6d8b1b095f1e214106cf9111c4840e8ad1,Safe,,Unsafe,Correct
0x7776ec25d1d676d8656fb79ab96054ba13bf70b3,Safe,,Unsafe,Correct
0xd59a6b2dbec8bb0e2b84f4c1bfaaed72c1f19ff0,Safe,,Unsafe,Correct
0x5088c2985210925d15ea470a160fc08b352818d0,Unsafe,,Unsafe,Correct
0x845f74aac51148bdd4ef6aed29822940c025a3a2,Safe,,Safe,Correct
0xf9735dc96a98f68ac8fe6fccf1e7b9876ddb6b47,Unsafe,,Unsafe,Correct
0x6038d708b7085dd67b5ad46da6ed614ff286b787,Unsafe,,Unsafe,Correct
0x882fb4240f9a11e197923d0507de9a983ed69239,Safe,,Safe,Correct
0x201cf7e018716120003c8512b4899bf46808a492,Safe,,Unsafe,Correct
0x160fc84c8c5d46561b01d38eb7d44671f3eed4ca,Safe,,Safe,Correct
0x86c93259896b20e45262dac7499a83a2cad23fe0,Safe,,Unsafe,Correct
0xd4fb7fd0c254a8c6211e441f7236fa9479708a99,Safe,,Safe,Correct
0x4f2515e1049fbae4a119b3145b60967dc0f2a346,Safe,,Unsafe,Correct
0xe98fd877793e799c0f7b7215cbf26b77b2964891,Safe,,Unsafe,Correct
0xfac50f760d114de38bf0a6d44f31a9c22f778db3,Unsafe,,Unsafe,Correct
0x85b846d361f861c9363f769e65f76b83dc80b531,Unsafe,,Unsafe,Correct
0xabea74917283a8662865894c7d6cfecafd85ceb6,Safe,,Safe,Correct
0x93eeabbe86d19bda39ea2d1049baf2c0878ded23,Safe,,Unsafe,Correct
0xb0a77ddd6c3eb585a76b90e52cc3be14daec9101,Safe,,Safe,Correct
0x8c95e60a62b8d71cc557f1fd0f9ce011b83f8d68,Unsafe,,Unsafe,Correct
0x3398080b81a1cff1429af347ce2b17fc28de3937,Safe,,Unsafe,Correct
0xb20bb2780a6ae9e399e805ce4f60321245f7a0db,Unsafe,,Unsafe,Correct
0x740e6b6f0a0165e8bb3d1cdf94862bdffbded22e,Unsafe,,Unsafe,Correct
0x71e122fc87aa184b966dfaaa81f9f37f45da9bae,Safe,,Safe,Correct
0x40ebf2d6e998a76a848c41908733b26e04adffe2,Safe,,Safe,Correct
0x7ac31c0c26e5c23259d0b41e3d74bbecec0ebd3b,Safe,,Unsafe,Correct
0x30b82a61e9c7ecca057f8dd42e67c628d7e1b823,Safe,,Unsafe,Correct
0x255387b823119d195b07e6d19d8d43b661cecf1b,Safe,,Safe,Correct
0xd8d4e59fabb7d8a1d013d577689cb612a8e5f826,Unsafe,,Unsafe,Correct
0xf767fca8e65d03fe16d4e38810f5e5376c3372a8,Safe,,Unsafe,Correct
0x45d147c800d401350b24fc1cd5fbc98040b177c8,Unsafe,,Unsafe,Incorrect
0x479bed65685b0672ec2ff8b0a8fbe06b4ce0a710,Safe,,Unsafe,Correct
0x66943100bf0464c1ec43b957a5f72fe2d67a3678,Safe,,Safe,Correct
0xb97768a8e31789dbece1403694e53c2142c3d706,Unsafe,,Unsafe,Correct
0xdcfb05a6f8bb42356e2f86893b20a345fd3ba46e,Safe,,Safe,Correct
0x8ddc182f7b2253612c2d23ae49bb1121809d1b02,Safe,,Unsafe,Correct
0x1a5dbaeca260678e5647584fb2306e2b3b53f257,Safe,,Unsafe,Correct
0xe5ff37c01e828a669685a0e1fe50c62e247b93ca,Safe,,Safe,Correct
0x5d4c95284d7b0a271c2c030cf803b24646ee0dcb,Safe,,Unsafe,Correct
0xce1555c4fc4ddc2d87183d1a36e0a410e565624d,Safe,,Safe,Correct
0xbaabe94c786fe90514dc6fa68499fd93ee583a5c,Unsafe,,Unsafe,Correct
0x472d4827266f0e83d12feb52f785c7e22ab5f0b6,Safe,,Unsafe,Correct
0x1c94f41ab9cd8faa8af45ae7827bf5a8f891f4cd,Safe,,Unsafe,Correct
0xa2ec3911694833e16d646bb75ef2f3a217463289,Safe,,Unsafe,Correct
0x276c5c6ca8507ed7bac085fc9b9521f4f54b58d3,Unsafe,,Unsafe,Correct
0xc5912c5aa88d7c947c9510b3c8d76543c72ed98c,Safe,,Unsafe,Correct
0x94d34e02b15ca5bb7c7992429ef79c171bb96b8d,Safe,,Safe,Correct
0xff95fbb77852c846724ce4fa140ca25f31a90bb0,Unsafe,,Unsafe,Correct
0x31916de2c0c286b687e5788110d04ad97dd37283,Safe,,Unsafe,Correct
0x9d3899df1d9f030a32dd5571fe3c7ef72d6ae566,Safe,,Unsafe,Correct
0x364de1592efc1fe84281168ae4e3099597ff77e8,Unsafe,,Unsafe,Correct
0x4671ebe586199456ca28ac050cc9473cbac829eb,Safe,,Unsafe,Correct
0x8f058d8a161f5be34b47149d70c47d6c60252eee,Safe,,Safe,Correct
0xf835b307bc5348194ae01ed729170c84217ba688,Unsafe,,Unsafe,Correct
0x446d1696a5527018453cda3d67aa4c2cd189b9f6,Unsafe,,Unsafe,Correct
0x5b0cf947b24434d116373677e1c41145fa4dacb5,Unsafe,,Unsafe,Correct
0xbfe40d449851a34bfe9f9e4991eeeb6ec58ec5a1,Safe,,Unsafe,Correct
0x32bacc8b241fb172fee18bda32527126c6f3c5f7,Unsafe,,Timeout_Verifier,
0xaa8c7310ad00af1447747d21f2d146ecd674deba,Safe,,Safe,Correct
0x1d77340d3819007bbfd7fdd37c22bd3b5c311350,Unsafe,,Unsafe,Correct
0x748defc02aa6221ae4db129bbe7e6a97537a6f45,Safe,,Unsafe,Correct
0x8cd68336ad5092110e79aae318731e1d60a331ae,Safe,,Unsafe,Correct
0xef6a9a21fe327aeacc8f685e448e21512454d4bc,Safe,,Safe,Correct
0x2bd2326c993dfaef84f696526064ff22eba5b362,Safe,,Safe,Correct
0xb9068705fbdc3b06c11763d2c260be682e6844ff,Unsafe,,Unsafe,Correct
0x3aaaf1c542b365e47f13ab62497f020eee45f747,Safe,,Unsafe,Correct
0xe8200511f3c276fa7300719f9b45301bc471f4fb,Unsafe,,Unsafe,Correct
0x5e27967f8fb05ec1a76ed1ecb0b57cced6f2cba8,Unsafe,,Unsafe,Correct
0x2a3967d9b88c11612503d45411c7d07a13554250,Unsafe,,Timeout_Verifier,
0x3ff8c78e266395d08f41ef1631391f0050d48081,Unsafe,,Unsafe,Incorrect
0x6cafdc06177f6f4b4b4638c987397b07cd948aed,Unsafe,,Verif_err,
0xaedde4941e7eac04f97be3a89af50a454d7c5f89,Unsafe,,Unsafe,Correct
0x2a106e06cd26fad93f732daa4218fce4eac6d6d8,Unsafe,,Unsafe,Correct
0x873c58020bcb114b4fea456cef93aaf58e8e305d,Unsafe,,Unsafe,Incorrect
0x9fcce7ad278991991db0b745a4c65d6480f324f7,Safe,,Unsafe,Correct
0x9ae98746eb8a0aeee5ff2b6b15875313a986f103,Safe,,Safe,Correct
0x65ec6e00e336a96972987ee25386a3090f38a27d,Safe,,Safe,Correct
0x49c3019b7a83b3c77a823255533975969027308d,Unsafe,,Unsafe,Correct
0xcd03a0f1a4be8d205572fa0987aa136559cc82c2,Safe,,Unsafe,Correct
0xf2289a55cd754d3b586cac1675e1c157a36637bb,Safe,,Safe,Correct
0x559506545e7fe0aa4b2895611329aeba988b06c8,Safe,,Safe,Correct
0x41dfc15cf7143b859a681dc50dcb3767f44b6e0b,Unsafe,,Unsafe,Correct
0xe7c8635bc387994069f7b7f25b89534c67727a01,Safe,,Safe,Correct
0x753e1540934474162a7a1c7a3c865301b73a455b,Safe,,Unsafe,Correct
0xbe387b1655907b18ee5ae8cca1364c86a8be835f,Safe,,Unsafe,Correct
0xabbb6bebfa05aa13e908eaa492bd7a8343760477,Safe,,Safe,Correct
0xcccd5b66bf6990c7210fd76781469b19bcff9bae,Safe,,Unsafe,Correct
0x316201f586706aaa2795bc2a3f0bad2379c363e4,Unsafe,,Unsafe,Correct
0x394bc29a5c8d5dbc9d3d4f78622f50994cfdaebc,Safe,,Safe,Correct
0xa1b43b46befb2387d2df46cde82c3d454ef33c66,Safe,,Unsafe,Incorrect
0x650d74c6255c04b4007d51d6af04c0a64f745d2a,Safe,,Unsafe,Correct
0xf2b8e10e7b230cc55040a7a90be75c933719c507,Unsafe,,Unsafe,Correct
0x3aaa5474a09804b08120e6e33bfc433367ab238c,Unsafe,,Unsafe,Correct
0x84d313c88202947c4885f9c607b6b1ef0a77e986,Safe,,Safe,Correct
0xe3b6638f0c1c0fa37282fab6ef9457e457a1e9a8,Safe,,Safe,Correct
0xc25c3a87d8c60214e0ed68ce406dfd89d68b8078,Unsafe,,Unsafe,Correct
0xc008dcb708c68286d80ae36cba6397ed5bd5c7ee,Safe,,Unsafe,Correct
0xaf6831182091dba5222aeff7d56c827e35c71da2,Safe,,Unsafe,Correct
0x111cc94a5dabdf192c5106fadc844a98b0f56be0,Safe,,Unsafe,Correct
0x4398a4a10347d8f18029c07853a7a689eebbb925,Unsafe,,Unsafe,Correct
0xa850e6f693b9bcb31df3ee44e7888ef19e608107,Safe,,Unsafe,Correct
0x85169e1f0d8c2f27dd44f1cfbb81172dfeafe7c1,Unsafe,,Unsafe,Correct
0xba3048b17d1e8c1412ea29af9af795786065b5f9,Unsafe,,Unsafe,Correct
0xd70994d7020df8052a1124561ff548f3b88744d8,Safe,,Unsafe,Correct
0x6a6581a884c4729586479307e5694bf836617517,Safe,,Unsafe,Correct
0x60b1bfaa999ab532df3ab804b43ed549a8636501,Unsafe,,Unsafe,Correct
0xe6495e22ff32a33d4e3365cc35c59c410a94b001,Safe,,Unsafe,Correct
0x69b0bdd43855710974ff3f745e10d54f32f84235,Safe,,Safe,Correct
0x900e66fe952998ebe212d4a7def0936387142e2a,Safe,,Unsafe,Correct
0x98086130278fe48f2f0330e330df6ed6c91ce4f7,Safe,,Unsafe,Correct
0x0389a06b028526b05966c287370bebefa0082176,Unsafe,,Unsafe,Correct
0xece9fa304cc965b00afc186f5d0281a00d3dbbfd,Unsafe,,Unsafe,Correct
0x4bd4afa9b213b5184c995aaef4982ce564121d20,Safe,,Unsafe,Correct
0xbf4ed7b27f1d666546e30d74d50d173d20bca754,Safe,,Unsafe,Correct
0x56705bc85a98853ee2df3834d2b3079cdfed87d8,Safe,,Safe,Correct
0x3bb2bb5c6c9c9b7f4ef430b47dc7e026310042ea,Safe,,Safe,Correct
0x51dce38369b7d57d367fa1b738723a626f15b8ff,Unsafe,,Unsafe,Correct
0x0a43edfe106d295e7c1e591a4b04b5598af9474c,Safe,,Unsafe,Correct
0x294308484f47ff5a833a284ac6949eb02728fbe4,Safe,,Unsafe,Correct
0xc4216d17a72bd49e404fe396bb93c9cd8cf3e881,Safe,,Unsafe,Correct
0xc3bd7f8d9d4a92b65c0011a0a1c75429d8328236,Safe,,Safe,Correct
0x3c77aa555d07b16564b8a82738853c6ce45697af,Safe,,Unsafe,Correct
0x32fae993d08f8a5ed6511cd893b5101ef81a4b6c,Safe,,Unsafe,Correct
0x022f41a91cb30d6a20ffcfde3f84be6c1fa70d60,Safe,,Safe,Correct
0x763465c2114e33886e1574e5994df1bb8cd5f160,Safe,,Unsafe,Correct
0x01afc37f4f85babc47c0e2d0eababc7fb49793c8,Unsafe,,Unsafe,Correct
0x354b10083a2d6b8bd18ddd390fac7bcdede8a839,Unsafe,,Unsafe,Correct
0x89d64bc7e46bdc49a89652ae9bb167418cbad62e,Unsafe,,Unsafe,Correct
0x6ac85d0408044afb786a6d631d4d3426ce0e031a,Safe,,Unsafe,Correct
0xb4e7fc7f59c2ec07aee08c46241d7b47de4cec06,Unsafe,,Unsafe,Correct
0x3325439082ff8ba7371dfdaa1af297bbfcac21b2,Unsafe,,Unsafe,Correct
0xc933fd8422d518d0df9e31ad859de661c3e9f636,Safe,,Unsafe,Correct
0xad2d970edff30d8f166989470aaf4be3ff6375ae,Safe,,Unsafe,Correct
0xd5a6c08e339ce818a47a34d17089b17bbc062473,Safe,,Unsafe,Correct
0x66302e589f6288ff289f7f10e5d7b39a48ad1447,Safe,,Safe,Correct
0xc9c1bfb27e97531ecfe005faa2b2ed4828b08a0b,Unsafe,,Unsafe,Correct
0x938875f7a161ce2f4c314ba1bb3172dbf52ebb3d,Safe,,Unsafe,Correct
0xea11b58a232457d032a30a82092f631a382055f0,Safe,,Unsafe,Correct
0xf53e7f01371c6fc0e1c821d3c3c8b30be366bb6e,Unsafe,,Unsafe,Correct
0x395f50051f0fa38488922ca4c816cea5b3c2a38b,Safe,,Unsafe,Correct
0xd3f3eb105daa3712eda7709f59ac0ec0d2d202b5,Unsafe,,Unsafe,Correct
0xc33281d43bd23b6f8ec8880c663d7603b85cb383,Unsafe,,Unsafe,Correct
0x9b27a23006b6612b2dfc840d0a25f4e347121d21,Safe,,Safe,Correct
0x2ef76694fbfd691141d83f921a5ba710525de9b0,Safe,,Timeout_Verifier,
0x673f0dec1416803a39d50760c697fb26f4c539b0,Safe,,Safe,Correct
0x49311a711ea4aff7fea3e0c32066e732fe4652ba,Safe,,Safe,Correct
0xb7dca185cebfa8288c4cf0c2f666c79a652e7b38,Unsafe,,Unsafe,Correct
0x24ae6baeeb3aa3a49314bb85716d2b8219dfa9a2,Safe,,Safe,Correct
0xb342ed12572b7008b37a5cc50e9bb1cf94a641a9,Unsafe,,Unsafe,Correct
0x8f4e3d448a318c1dec52b3f22d77132a39c62025,Safe,,Safe,Correct
0x7d56485e026d5d3881f778e99969d2b1f90c50af,Unsafe,,Unsafe,Correct
0x9c794584b2f482653937b529647924606446e7f4,Unsafe,,Unsafe,Correct
0x87e093f4a39bc0f486f59e45af64d2d669d61b5b,Safe,,Unsafe,Correct
0xc54d1a03e5fc1558d4a95e9fbbb2423f02168c23,Safe,,Safe,Correct
0x5a5eff38da95b0d58b6c616f2699168b480953c9,Unsafe,,Unsafe,Correct
0x57b3616a41906480f95e3289fab0554a703f69a2,Safe,,Safe,Correct
0xd06fa8d5ec5a5e99f0b007a26b0485478ebbeb62,Safe,,Unsafe,Correct
0x0d51e1ec66f3bb37ecec99506a9839fa8e30844d,Safe,,Unsafe,Correct
0x6c0bd1b6a5b64b6ed4718b65723d4c47a3e09d8b,Safe,,Unsafe,Correct
0x02e01e9a73ed2cb24b32628c935256e455b0a078,Safe,,Safe,Correct
0x9da7902394fb19ddd340d47398d35e3405bf79ec,Unsafe,,Unsafe,Correct
0xaa1a6e3e6ef20068f7f8d8c835d2d22fd5116444,Safe,,Safe,Correct
0x212590b04bfc83befc4b88bb3ecbc4f1446e15f4,Safe,,Safe,Correct
0x50c5712624b58905c19aee87deca593a2690e3f4,Safe,,Unsafe,Correct
0xb5edcc99224c5b5688b3577d91de4a615217b685,Safe,,Safe,Correct
0x600ad7b57f3e6aeee53acb8704a5ed50b60cacd6,Unsafe,,Unsafe,Correct
0x9f87bb5f3c87ab51e351457a99358268ce1fd9ed,Safe,,Safe,Correct
0xc75175d7de7e8036f7c00a8e89f30dcf6e733f2e,Unsafe,,Unsafe,Correct
0x24ec083b6a022099003e3d035fed48b9a58296e5,Unsafe,,Unsafe,Correct
0x870fe80e76dae4a4c12690dec52456ab13176202,Safe,,Unsafe,Correct
0x1926a3254d6bb48f983d1890a993d618d1b6c9cf,Unsafe,,Unsafe,Correct
0x319af0f8552e2caceb6a8b2541ef00239a6ae1cc,Safe,,Unsafe,Correct
0xf112165cee019ca9c78f5877e4fa5dfd8d04b658,Safe,,Safe,Correct
0x1e9d5e4ed8ef31cfece10b4c92c9057f991f36bc,Safe,,Safe,Correct
0xb10ba7b334d3bd1b2110ba00bca39696b6df406d,Unsafe,,Timeout_Verifier,
0x4f19e86aaee01a0199543b1fda45bc25af645146,Safe,,Safe,Correct
0x989d5889c93abd6789ad8b4810060a255cb9a96a,Safe,,Safe,Correct
0x3efd578b271d034a69499e4a2d933c631d44b9ad,Unsafe,,Unsafe,Correct
0x3a09769f27a6e4b01bc58b1273bcaa8159033ec5,Unsafe,,Unsafe,Correct
0x9ffa45c5943a0203ee462c48c8b97064abbe28f3,Unsafe,,Unsafe,Correct
0x5980d3848e49d490afdb3f6b6d564104248ada4d,Safe,,Unsafe,Correct
0xa14d964fb52bf333888d162e9caf8cc7f090cde4,Safe,,Unsafe,Correct
0x1ca4a86bba124426507d1ef67ad271cc5a02820a,Safe,,Safe,Correct
0x755cdba6ae4f479f7164792b318b2a06c759833b,Safe,,Unsafe,Correct
0x2b534780e30d87a299ec8ce8e5b4ca62f25a3957,Safe,,Timeout_Verifier,
0xde5ebd0b8879b0a42b23b37e4d76a5e21a0bef4b,Safe,,Safe,Correct
0xa8c784efdfe7d48bc5df28f770b6454a037e2abe,Unsafe,,Unsafe,Incorrect
0x326edb1cde4dc98d2b2640c67cacfa0874432eb7,Safe,,Safe,Correct
0xb2048d829482dbc9baf6951c28909e5c49686041,Unsafe,,Unsafe,Correct
0x5017f42cf680fcbcab1093263468745c9af63e35,Unsafe,,Unsafe,Incorrect
0x237f29bbfd52c768a02980ea8d4d983a1d234edc,Unsafe,,Unsafe,Correct
0x440dec42eb7a9950b6f79018ffa1083595b65ee0,Safe,,Unsafe,Correct
0x5158cf97c3e001b402ccb0f9063736ee8d6dad5a,Unsafe,,Unsafe,Correct
0x51170b18bca7896b49c52dcc18e66e5c921e100f,Unsafe,,Unsafe,Correct
0x2984dae87aa5397c37e3b2875a1a4cc621c01e4c,Safe,,Safe,Correct
0xcff9cb72d19c10df754ae7be6d280e379cdb2354,Unsafe,,Unsafe,Correct
0xf690f0ee16bb8f67c4f8a8d9e116f77cf3acf166,Safe,,Safe,Correct
0xf0d8af9125de2761b42dbb0b1014bf232219a1c5,Unsafe,,Unsafe,Correct
0xeb41d678879c735f22fce499d891d44c288829ea,Unsafe,,Unsafe,Incorrect
0x062524205ca7ecf27f4a851edec93c7ad72f427b,Unsafe,,Unsafe,Correct
0x39aa4006ee5941c0c0e41b924fdafcb2c4c918e8,Safe,,Safe,Correct
0xc03a2615d5efaf5f49f60b7bb6583eaec212fdf1,Safe,,Safe,Correct
0x05aac45d288ca22b4a207fe35c6ca422546ae16e,Safe,,Unsafe,Correct
0xe7f9c37d845fb14a7f0dd514c5f45faaec608a27,Unsafe,,Unsafe,Correct
0x2f0daa843d5ed538782c56f951123f29cc961938,Unsafe,,Unsafe,Correct
0xa0c1b6f1d8bc69bcffca759d59354c2cc4fb9db6,Safe,,Unsafe,Correct
0xe941e5d4a66123dc74886699544fbbb942f1887a,Safe,,Unsafe,Correct
0x44691b39d1a75dc4e0a0346cbb15e310e6ed1e86,Safe,,Unsafe,Correct
0x89c2352cb600df56fe4bfb5882caadef3e96213f,Safe,,Unsafe,Correct
0xa728115945a2e9e6637cdd319bbed1a1cda1336e,Unsafe,,Unsafe,Correct
0x5ae14c0101e0a40c709340592f1f1c052ef4ab92,Unsafe,,Unsafe,Correct
0x5a4964bb5fdd3ce646bb6aa020704f7d4db79302,Unsafe,,Unsafe,Correct
0xaf522608bf9355345bb1fed33219ee4623b9b81f,Safe,,Unsafe,Correct
0xa3d4d7df3988d48c48728787cb5910a8a4cc4d26,Unsafe,,Timeout_Verifier,
0x2c875e5ea4706b1978a41b59edf2d3af31d60e70,Unsafe,,Unsafe,Correct
0x6ff323e36bfdb20502b23780695f4e77e36cde95,Safe,,Safe,Correct
0x1e797ce986c3cff4472f7d38d5c4aba55dfefe40,Unsafe,,Unsafe,Correct
0x019d7e5ae8d2ba9a292244311dc7355058ab1b08,Safe,,Unsafe,Correct
0x37c0f21f9dc15be832d06a3c79ee45d16f9ed1d6,Safe,,Safe,Correct
0x01dc689804a1c05040b68388b9fd4a3755837d0c,Safe,,Safe,Correct
0xf0c2103e86fbca616f1f955f76e012ae21f8cc51,Safe,,Safe,Correct
0x460dc8b70a189bee176d22d3f0272d171bd4c5ed,Unsafe,,Unsafe,Correct
0xc70fd22c9821006fb469e4ed14324a991d0296cc,Safe,,Unsafe,Correct
0x38a270b06f52190a6c5dba516d2e6f94b0418f5e,Safe,,Unsafe,Correct
0x48c37441c92170f26df8261b9b9dfe240b41f263,Safe,,Safe,Correct
0xf1c1648f6f0edbcf7d898441b88e489cfaace11d,Unsafe,,Unsafe,Correct
0x7be89db09b0c1023fd0407b24b98810ae97f61c1,Unsafe,,Unsafe,Correct
0x4865e85c72a27ca6c362da75ba6707c07464b953,Unsafe,,Unsafe,Correct
0xd89e1799540303cedc9c4ba1e1c3c6f0feec7c02,Safe,,Unsafe,Correct
0x1d11e5eae3112dbd44f99266872ff1d07c77dce8,Safe,,Safe,Correct
0x15870addc0635dc3c99ba6a37c23e8f8f77d9898,Safe,,Unsafe,Correct
0x007d42b9192b8c087b0d3e6ef73aae48e74b41c1,Unsafe,,Unsafe,Correct
0x709c7134053510fce03b464982eab6e3d89728a5,Unsafe,,Unsafe,Correct
0xa1ea522792ed4f092bf81c10865cb81299e46679,Safe,,Unsafe,Correct
0xe0b8fce1183e31c995b40460e6cb6712fa929f59,Safe,,Safe,Correct
0xd2d765a9d924e201e2ea270fee2d8b6237a5dc55,Unsafe,,Unsafe,Correct
0x62854fc64d74b7eb5e4d0a2910e277ffb4d3d1e3,Safe,,Unsafe,Correct
0x799f987acb75a571dd95f7fd152d30f50484b837,Safe,,Unsafe,Correct
0x3eab9a2fa76f16cdc46e707ff928f7995886dee0,Unsafe,,Unsafe,Correct
0xfa7619c43615055adbd205e2ebec1df555f11db7,Unsafe,,Unsafe,Correct
0x0d8feeb05666df15c40cf2869141195fd3f16927,Unsafe,,Unsafe,Correct
0x87be146d2e2d2ae71a83895a3ad15c66546af5e2,Unsafe,,Unsafe,Correct
0x385e817b0083724672cb998a7afcf6da05bc0c7f,Safe,,Unsafe,Correct
0xbdcfb5fa7c3b85b2c6106284a2fb0579ab0d006f,Safe,,Safe,Correct
0x1c3e274a4ecf4fc0afdefbe53bd1d36f63c7124a,Safe,,Unsafe,Correct
0xa39394d3447c1dbd386b92b4d1fcc22ca85eae67,Unsafe,,Unsafe,Correct
0x361adf7ac4dff1ef44a240050136ba3d2805ef1c,Safe,,Safe,Correct
0x8d2c532d7d211816a2807a411f947b211569b68c,Unsafe,,Unsafe,Incorrect
0x014c2e29ee6781bc854627bc04c29cfc45bbd5ac,Unsafe,,Unsafe,Correct
0xb671c3883307cf05bb3dff77a9754e87b4347195,Safe,,Safe,Correct
0x142eba6cd4e1977fba4a440c882ee460654d1766,Unsafe,,Unsafe,Correct
0x0318179601a70085aeb488f178b081295b65ecc9,Safe,,Unsafe,Correct
0xf2fdefe3e1aad61877deee760b023e8bf2bd7f03,Safe,,Unsafe,Correct
0x56681d323bfd0f354e0a67683dd8d3d37d6492d5,Unsafe,,Verif_err,
0xe601d4981fa105fec023622bdde3f07c774b421f,Unsafe,,Unsafe,Correct
0x78d79d0f1cdb62c2739254febe5ff47e370ea0ee,Safe,,Unsafe,Correct
0x665f2d9e0ea20573255ecddb2d597bf94ef30784,Safe,,Safe,Correct
0x43e49c79172a1be3ebb4240da727c0da0fa5d233,Unsafe,,Unsafe,Correct
0x79ec9b050ec82c31d4fc90fb169d968256c5cb11,Safe,,Safe,Correct
0xe47014f16c55ddd3add5b68b951e10fcea7da686,Unsafe,,Unsafe,Correct
0x76e580f75bf01bffbf4f44167d5822346de4f176,Unsafe,,Unsafe,Correct
0xc500916c9506f7786b224f7abf9f10089a3adf8c,Unsafe,,Unsafe,Correct
0x07536201e0c4c7751c9cfed79f1bf5dba4772c9e,Safe,,Safe,Correct
0xe1388626c8de5fd7e5683a83d8da6a34153e9b18,Safe,,Unsafe,Correct
0x45435a8a8115603614f69526ea3a6e840cf62e04,Unsafe,,Unsafe,Correct
0x2a28cc275b458019910e3b8b8ee58f17eb6d38c8,Unsafe,,Unsafe,Correct
0x1e143b2588705dfea63a17f2032ca123df995ce0,Safe,,Safe,Correct
0x4980d2918fb02b0d734e0b1ef66b13f1971258df,Safe,,Safe,Correct
0xd35e6f3b26f8992a7f023ad878e13a82dded2232,Unsafe,,Unsafe,Correct
0xb6db69e99f7e3ccb352fabde7d98a8fae0de4297,Safe,,Unsafe,Correct
0x77888faab224e03d76c517455c442cb6fe8dae40,Safe,,Safe,Correct
0x341f8e038ee688ac2e76af210035696eab0a4f66,Safe,,Safe,Correct
0x993bbc77c48ca648659129602dd507a96bc5b561,Safe,,Unsafe,Correct
0x8f13a1d43408b6434dd10e161361386f3952d665,Unsafe,,Unsafe,Correct
0x4668cd871eba35997e1fbe66d0eddf6612d018ce,Unsafe,,Unsafe,Correct
0x32304cdbe41fe4f1c48b08356414a52957d22d3b,Unsafe,,Unsafe,Correct
0x721d8c91207e7b02c29973171d0d4889d337a31a,Safe,,Safe,Correct
0xcc39e8ab206229c95b9649ead3560e1712a72eed,Safe,,Safe,Correct
0xf3f2bbbbd5a1986944c6a4b9c8b37004e04dc8f6,Safe,,Safe,Correct
0xa83c4a6d0418074655bdbe74fed8435c46c19f66,Unsafe,,Unsafe,Correct
0xdc84953d7c6448e498eb3c33ab0f815da5d13999,Safe,,Unsafe,Correct
0x56467e038871dc7f2a6180cdebe1702cef77285f,Safe,,Unsafe,Correct
0x4ed65e408439a7f6459b5cfbd364f373bd6ed5f7,Safe,,Unsafe,Correct
0x6f47980674550d8c8240e6eaf3b594f562adc7a9,Unsafe,,Unsafe,Correct
0xc13e4ed5e7f8af83663c9e5086de85b1f914a863,Safe,,Unsafe,Correct
0xd0c62e446d3d0583afa09ef7c48c093d71d271c6,Safe,,Unsafe,Correct
0xa0f9fb2170dc2d181ef8aaf3571dc441813e0154,Safe,,Safe,Correct
0x15e745a2e3b677ec6421291b212d3917b3738dee,Unsafe,,Unsafe,Correct
0x8807bf5122297078676e1083d9f5d78078f41f81,Unsafe,,Unsafe,Correct
0x6e7f987907320630b7880eecc26b17c0d9afa7b4,Safe,,Safe,Correct
0xba95b83766d60170e78398745f5c3df78b886c65,Safe,,Unsafe,Correct
0x225df095e2db72b9254943b998b86143be7ed443,Safe,,Safe,Correct
0x4c2c4511ba8f5b5f356adf7eaebce8dd2ea9a9c6,Safe,,Safe,Correct
0x8213ebf8495de7916d14fee764379b34ebcca81a,Safe,,Unsafe,Correct
0x2abf00b596f4cb10384654dcd76253b3140d35ff,Unsafe,,Timeout_Verifier,
0xe9a0be8fe7814bbed936a15b663b1b3ebad5606b,Safe,,Unsafe,Correct
0x16a4ff536001405f2b0d7ddafc79f6a10d024640,Safe,,Unsafe,Correct
0x9674e9123caf1f74d7f2b8c6823734891c0573d7,Safe,,Unsafe,Correct
0xd535d9ab0b4c97d0745d9a182f555c11fcc3ec5e,Safe,,Unsafe,Correct
0xac8802cf9ee2c27260759c0bfc0b5a10d4342b58,Safe,,Safe,Correct
0x6cfa91e0b2332741a554d12fc7319caff3575ba1,Safe,,Unsafe,Correct
0x291fe86f31500adf910accd02e57c702fe9d0ec3,Safe,,Unsafe,Correct
0x5e3741d9faa0f62660bdecdd3ac43c97c83a9881,Unsafe,,Unsafe,Correct
0xb08b08b9c4f91e68729ca471d77e0a525071db89,Safe,,Unsafe,Correct
0x53fdf0c63b87f2db6e2c58ab05a8a3c39d7d8d49,Safe,,Unsafe,Correct
0xb377dc0593ebce801cdfff2e0c8f786983f7d2e7,Unsafe,,Unsafe,Correct
0x3b6d241e1b38776c2efe944e7012239ed59334c1,Unsafe,,Unsafe,Incorrect
0x33098a5e8f5e932831434748cdad425487b9aaf1,Safe,,Safe,Correct
0x0f170120733474c6ec7daf6ae6aeeeb8b645e92c,Unsafe,,Unsafe,Correct
0x5a2af9d2e16a08aaa25a96f307c689ae07ca1a63,Safe,,Unsafe,Correct
0x533739d5b9a8c46221ba22974c8f9b8cb948a785,Safe,,Safe,Correct
0xe780936e804fb37e6d1cb112f60613f2f721cfdd,Safe,,Unsafe,Correct
0x382b7bc69618904df425b340f1c6823178dc02ee,Unsafe,,Unsafe,Correct
0x921a8142872f1b76d9288b37fcea6d52ebd41562,Safe,,Safe,Correct
0x5f5d7147adb6ed31a2ca03ce3defb070a3be0ebb,Safe,,Safe,Correct
0xa60b1da696d75a0e7de987fe2139f76320c35f42,Safe,,Unsafe,Correct
0xeb25705503f5f8eda0e16bca10a5041c46f43daf,Safe,,Safe,Correct
0x5bc7e5694ee5d6ea32a0da36efb56a177190a53a,Unsafe,,Unsafe,Correct
0x341e790174e3a4d35b65fdc067b6b5634a61caea,Safe,,Safe,Correct
0x5ee82a5250ac20f0bbe2f55cde273937461c882f,Safe,,Unsafe,Correct
0x60a76ea79ebc7264f2897ee7fe4f33f31ef25a74,Safe,,Safe,Correct
0x6adf9e666e3e85876b1ba25edb31799faad8417b,Safe,,Safe,Correct
0xa2e939376d40d75a4fd542a98d3e726ec07f8f9b,Safe,,Safe,Correct
0x8b807cf49ca593c4678811211df2992e64f2f3ef,Unsafe,,Unsafe,Correct
0x0837b53cec40a009b3bb0bd4d042cc6b470d0785,Safe,,Safe,Correct
0x36e7e06e0bdc5c632fe7cd349f94c7dd03525aa2,Safe,,Timeout_Verifier,
0xf74a6e92588ee0a524b44b251e0b47d1a15824f7,Safe,,Unsafe,Correct
0x19a6067538c90973ef5dc31ded5fa567f3d09059,Unsafe,,Unsafe,Correct
0x7c4a690585ffe89c01aebfce188b9bec8def9e8d,Safe,,Unsafe,Correct
0x4028b9672bfd71ba2fcd97a6c82e06f72eaa14ba,Unsafe,,Unsafe,Correct
0xf77ac34cd0ed42f2b5d8cfcf4fa0f4bb1b80b9d8,Unsafe,,Unsafe,Correct
0xbe87e87965b96d8174eae4e3724a6d7417c488b0,Unsafe,,Unsafe,Correct
0xbf280a05a1aa9360fee28b61ba0b01abbf16ba49,Safe,,Unsafe,Correct
0xf4b3f686a00a8bbbf5cbc160622be258dc51ae30,Safe,,Unsafe,Correct
0x1492cdd605d91658f228eab14d8444b60e6da8df,Unsafe,,Unsafe,Correct
0xcd3e727275bc2f511822dc9a26bd7b0bbf161784,Safe,,Unsafe,Incorrect
0xae8a616011274cde89dd86e2f40b73c449e2f45b,Safe,,Unsafe,Correct
0xe82719202e5965cf5d9b6673b7503a3b92de20be,Unsafe,,Unsafe,Correct
0xb6cd94c7cdea8fa5cfad9210e3f2358ad8b0cd75,Safe,,Safe,Correct
0xb071e5c53094cabb971e98eba3b1a86be555c943,Safe,,Unsafe,Correct
0x8710a2e3a868076114590373888fe99ab71d3001,Safe,,Unsafe,Correct
0x40ca0613d02309823a436f6115134872b30fbdf7,Safe,,Safe,Correct
0x44fb2663d37e36e4a2b4b865d9ec832e5da6a016,Unsafe,,Unsafe,Correct
0xdf748e0b0ae2dcbc23ae035d74fc39fb0d065b98,Safe,,Unsafe,Correct
0x2342d6507b2d48f562a1cb514a44c715b65cbdcc,Safe,,Safe,Correct
0x08f3ff89773a9cdf85e8709afa83e780d6c1231b,Safe,,Unsafe,Correct
0xd6f6b91d29c2f3f48b72ae1c9b962094f37c0f93,Safe,,Unsafe,Correct
0xd6362516c7d7934fa2dcec4be8fd4fca79e98bc5,Unsafe,,Unsafe,Correct
0x8a70cf25cf32e728be9e30c20b2781f60cb0ed6d,Unsafe,,Unsafe,Incorrect
0xfd5fb2880b5b725bf8f4ebd3cd30d23aa65dc5fb,Unsafe,,Unsafe,Correct
0xd79b4c6791784184e2755b2fc1659eaab0f80456,Unsafe,,Unsafe,Correct
0xd3938e46a27a7402f5d6421da298463a73f069c7,Safe,,Unsafe,Correct
0xc6b13d41866cba306fe9ddfafd580ac8d92bfb75,Safe,,Safe,Correct
0x9c9dc2b707a99ae4b6795538ac6bf4f6d4842830,Safe,,Safe,Correct
0xcab39d1c7383fc9682a1221bffacbce2bdd967ca,Safe,,Unsafe,Correct
0x609a9cb68b0a3a9c63027bfac0708517bac97885,Safe,,Unsafe,Correct
0xe0b79b3d705cd09435475904bf54520929eae4e8,Safe,,Safe,Correct
0x273930d21e01ee25e4c219b63259d214872220a2,Safe,,Timeout_Verifier,
0xe3854baf7c9a3c5244d380afa93c1c786a05ae16,Safe,,Unsafe,Correct
0xa9b192ff49b69ac99c55ba7fecb9dbc691ce55d8,Safe,,Unsafe,Correct
0xa502f8112b2491718855f01a01a60462cc97a0d5,Unsafe,,Unsafe,Correct
0x6c5c0e2496d27f60c486faaaaa9bde58ea1dc386,Safe,,Unsafe,Correct
0xd7bf41bbc8979b3821851b871f055f4ae62b2299,Unsafe,,Unsafe,Incorrect
0xe3c61a3bff7cb03ddd422258006fddd5ba1ed0fe,Unsafe,,Unsafe,Correct
0xdcb13fa157eebf22ddc8c9aa1d6e394810de6fa3,Unsafe,,Unsafe,Correct
0x627917e47cd111382ddf7fb1dc140d2daf8876b3,Safe,,Unsafe,Correct
0x541788f77943bc86aa9f54ff881ec9548b4ce288,Safe,,Unsafe,Correct
0xe7aa95217eb415b2c400c81e2b65359e720ab936,Safe,,Safe,Correct
0xb12c7df9f092814e7863b65035eb14d19fa61faf,Unsafe,,Unsafe,Correct
0xd12d8f8dfa54f1578b2177f99b2e282367b66b13,Unsafe,,Unsafe,Correct
0xcac337492149bdb66b088bf5914bedfbf78ccc18,Safe,,Unsafe,Correct
0xbeac5df5f1c56f949852c8589314036042c1d603,Safe,,Safe,Correct
0x8da22df51b63560b5835fc9d31981f6694705fa5,Safe,,Unsafe,Correct
0x3616f0d3d088e488c291e82a1762a7591661e639,Unsafe,,Unsafe,Correct
0x5b858f0217a99bdc903aa35a537c63347da3c7a6,Safe,,Unsafe,Correct
0x1654d540616bfb3f13973ed6019e43005be43219,Unsafe,,Unsafe,Correct
0x693399aae96a88b966b05394774cfb7b880355b4,Unsafe,,Unsafe,Correct
0x55d035ba1f4ae932cf98125b93d830d9858cd39f,Safe,,Unsafe,Correct
0x9d5bdaa9d82782c03402dd5c675ae3e45b3102e2,Unsafe,,Unsafe,Correct
0x253137971b86074021334fb5b7e03ebf2545ead3,Safe,,Timeout_Verifier,
0xbf28e50143ca1f25c7e2887b1d5cd47ec5dccd17,Safe,,Unsafe,Correct
0xd23f2533b726c9cb1fb9ed109b82e5a8f01c881e,Unsafe,,Unsafe,Incorrect
0xaf6d36e6a376cda44a5ce9280507e5e24132c143,Unsafe,,Unsafe,Correct
0x1d9e61248f88dc60889bb269fcf2244827f3a682,Safe,,Unsafe,Correct
0x6ef5bb48c16389eeaa9c5fe88748d47f2ff68a28,Safe,,Safe,Correct
0x7d86a87178d28f805716828837d1677fb7af6ff7,Safe,,Unsafe,Correct
0x5e49ec3fbd55e7b86a5a5b1a32c73aa44b42b4af,Safe,,Unsafe,Correct
0xadb829e5df978d92cc69455004fc1538070f3e9f,Safe,,Unsafe,Correct
0xe34af3096b86cd2be270de183f5d85f9f23e4193,Safe,,Unsafe,Correct
0xda4a4626d3e16e094de3225a751aab7128e96526,Safe,,Timeout_Verifier,
0x8e66ffe69b3f8d78f2a696e40c02f7454c0a01d9,Unsafe,,Unsafe,Correct
0x2ce349291b8365f8d12c4cedf992969f680c726e,Unsafe,,Unsafe,Correct
0x78b058ccda93816487c655367dcb79664a216ad2,Unsafe,,Unsafe,Correct
0x99d982e49bcb5465a6b4c1e0ec4341c912d9ba42,Unsafe,,Unsafe,Correct
0x60f0ee673e413e1c134d1497eeecce8ddd2fdd74,Unsafe,,Unsafe,Correct
0x56fedaf633393a4902078b95a4de01c6185c5975,Safe,,Unsafe,Correct
0x352b1350918b95a064b08e6beba4618417e08b30,Safe,,Safe,Correct
0xdf6815bc26f189b4e65be73aca9a88e1e05e6099,Unsafe,,Unsafe,Correct
0xf9e03d5e3d86277574cfd5f7e842f213cf88945f,Safe,,Unsafe,Correct
0x6d2f190e6fd3bece517cb817254e8411249656a6,Safe,,Safe,Correct
0x33a683a7af55942220e4efec514da11b5dc47996,Safe,,Unsafe,Correct
0x1d3b2638a7cc9f2cb3d298a3da7a90b67e5506ed,Safe,,Safe,Correct
0xcca577ee56d30a444c73f8fc8d5ce34ed1c7da8b,Safe,,Safe,Correct
0x362bb67f7fdbdd0dbba4bce16da6a284cf484ed6,Unsafe,,Unsafe,Correct
0xd36f3ed0912b6ee3edfa538f383bb3bd3de0f7f5,Safe,,Unsafe,Correct
0x750241c16c9fb878a7afd2b07b80f53e02c3f634,Unsafe,,Unsafe,Correct
0x6e0e0e02377bc1d90e8a7c21f12ba385c2c35f78,Unsafe,,Unsafe,Correct
0x9c169d81420aad7d8a0d6d9f295c3ba2c33575de,Unsafe,,Unsafe,Correct
0x3cf853facae392c3e4310ab805da30a1da508609,Unsafe,,Unsafe,Correct
0x65bbc91459aaad9603ef1345c6bb6396dd6772b9,Safe,,Unsafe,Correct
0x0b983fa1bcbdf24bdbfacb660faa76c586a16c64,Unsafe,,Unsafe,Correct
0xea3544991e47f06cef20f86b7f42a1b3449aa22f,Safe,,Safe,Correct
0xcfe185ce294b443c16dd89f00527d8b25c45bf9d,Unsafe,,Unsafe,Incorrect
0xcf00354366bca2f2cd49007bfaeac49d97463200,Unsafe,,Unsafe,Correct
0x3d2f50874591d0eeaa811fb58cc4716758280885,Unsafe,,Unsafe,Correct
0x0ab49ee0d3fe3d393059929096b65e48485a409e,Safe,,Safe,Correct
0xebc7fdce290d380a295d6024b56b4d7fe410f53e,Safe,,Safe,Correct
0xa4eb14825bb922670f53a9e211576e6d9097f995,Safe,,Safe,Correct
0xf72a461b5661e6a4b51e458f8a2b58447e63c58a,Safe,,Unsafe,Correct
0xba2f1399df21c75ce578630ff9ed9285b2146b8d,Safe,,Unsafe,Correct
0x8c65898cceaa73209f579653fa5523b7b13972bd,Unsafe,,Unsafe,Incorrect
0x1307dcf9d3d4fd4a71fb99f112aaa5b85ac9fb7c,Unsafe,,Unsafe,Correct
0x488b7b5ed8ee6fa28c0cb3a0ee7351573070601d,Safe,,Unsafe,Correct
0xe9da10f1aba727bfb3641846ed4d5bbf2add39c4,Safe,,Safe,Correct
0xb9c1598e24650437a3055f7f66ac1820c419a679,Safe,,Safe,Correct
0xf7070fc72e2b92c6309785a39338d7c919a3cf4a,Safe,,Unsafe,Correct
0xac939915c6d83cfd2e0ebeb90ea26e346a254d78,Safe,,Safe,Correct
0xff3216f86a723f2c23b03b5cd1f622eb1a204159,Safe,,Unsafe,Correct
0x52663ee7d3b498a5436d55139720a723b15dec43,Unsafe,,Safe,Correct
0x4f529990b7f3d1fb4152736155e431c96fd86294,Unsafe,,Unsafe,Correct
0x655f01313bb55c04e8ed36a5098984f3f3de57bc,Safe,,Unsafe,Correct
0x5d67888188772df8ed420e5be43820c9d98a8ef5,Unsafe,,Unsafe,Correct
0x9bf233b2f9eea51708c0b345f28fc621f83daa78,Safe,,Unsafe,Correct
0xefe7d276c5a71b21ccef49408dd2870c38089aa3,Unsafe,,Unsafe,Correct
0xa35fc4d3ea15e0d9272dc181ee1c2761d5d0cabd,Safe,,Safe,Correct
0x706dded765c012b7f532c60c1d08563ba5e9f587,Unsafe,,Unsafe,Correct
0x87b0de512502f3e86fd22654b72a640c8e0f59cc,Safe,,Safe,Correct
0xbf35faa9c265baf50c9cff8c389c363b05753275,Safe,,Timeout_Verifier,
0x23f0f61e8b7bbbb4caedcfe78347ad5fc2430da2,Safe,,Unsafe,Correct
0x8ea6c8077d6316b46e449aec8fb60a606cf50eea,Safe,,Unsafe,Correct
0xed42264e005d9052799a5971e439d5353bdb3f24,Unsafe,,Timeout_Verifier,
0x25e72bd5a532340abbc6107f0f348e007e83033f,Safe,,Safe,Correct
0xee2157c15a43be80faac64801ed89c8d8e2c4d3a,Safe,,Safe,Correct
0x51cfc0d9bcf4ba234d442e3200b97d660e02d41f,Safe,,Unsafe,Correct
0x52f8380a21d6edc240fdf1415ed6da80ca212d6c,Safe,,Unsafe,Correct
0xabcdd0dbc5ba15804f5de963bd60491e48c3ef0b,Unsafe,,Unsafe,Correct
0x9f8bf604abeb04d32b0ffae9c3a083be5858cf96,Unsafe,,Verif_err,
0x5e569e1ecd56fe30dd97ee233ec1675b60fb6680,Unsafe,,Unsafe,Correct
0xc58d783e39aabe61a4bce8d4b5e7264e67c92c27,Safe,,Unsafe,Correct
0xa39fcb48adf288f143459d57a1a0756718c919ae,Unsafe,,Unsafe,Correct
0xd8f1da4a236c4d6f310c02dedc049b69277b7c80,Unsafe,,Unsafe,Correct
0xeee8654173e79d3b9e2f603415c3fd71a8a74828,Safe,,Safe,Correct
0x7d3ae940eb73dc9131758ad2e326c7d863b0916a,Unsafe,,Unsafe,Correct
0x143e8bd26d95b230680c25300f93ef56f86eccac,Unsafe,,Unsafe,Correct
0xf4bc5351b3b0d200b619abeee90f862770c6aad3,Safe,,Unsafe,Correct
0x60acd43314d93f38507f3fd12e84225a5a099229,Unsafe,,Verif_err,
0xb95bbe8ee98a21b5ef7778ec1bb5910ea843f8f7,Safe,,Unsafe,Correct
0xb33ebb3f79cd1fe025eba78f8b6460c862be2000,Safe,,Safe,Correct
0x09f0aaabe4df881797698af29477a65ac9a302d1,Unsafe,,Unsafe,Correct
0x69e5da6904f73dfa845648e1991ad1dcc780f874,Safe,,Safe,Correct
0x70498427d3a8f47fc128dc2aefe86c4deab751c2,Safe,,Safe,Correct
0x84e9bb626e13884f72fa1c33d8959fcb5905ad5a,Unsafe,,Unsafe,Correct
0xcd820a2f792f429bf95e6d0de909d06110b44123,Safe,,Safe,Correct
0x4fd997ed7c10dbd04e95d3730cd77d79513076f2,Unsafe,,Unsafe,Correct
0x6467687d8aaacd7239ee639c8808624013997b92,Safe,,Safe,Correct
0xab7c49a95ba2f8c1ad95d18c8541cba650870618,Unsafe,,Unsafe,Correct
0x45e42d659d9f9466cd5df622506033145a9b89bc,Unsafe,,Unsafe,Correct
0xf9ac5e26d7ec113f42b18c78c05fab68181adfbf,Safe,,Safe,Correct
0xe5544a2a5fa9b175da60d8eec67add5582bb31b0,Unsafe,,Unsafe,Correct
0xa43ebd8939d8328f5858119a3fb65f65c864c6dd,Unsafe,,Unsafe,Correct
0x3f2d17ed39876c0864d321d8a533ba8080273ede,Unsafe,,Unsafe,Correct
0x561afb459c36fd91a3b2281afed41b3e9b726843,Unsafe,,Unsafe,Correct
0x8af7243f9a173ad8ca6c8a3a053f0182c5352d15,Unsafe,,Unsafe,Correct
0x888666ca69e0f178ded6d75b5726cee99a87d698,Unsafe,,Unsafe,Correct
0xa259e6bcade86c770cb5214c789ee107662831a6,Unsafe,,Unsafe,Correct
0x3795aed9feadc5c0064a0c3ea529e46d41a2f87a,Safe,,Unsafe,Correct
0x723dff0e27cc38b80556f5e05dfdbdcb721654d7,Safe,,Unsafe,Correct
0xeb7e8399cb0a9e0547c3b48e001fe3b3c6528bce,Unsafe,,Unsafe,Correct
0x62ca898dd70d4ad44552f9a9027ee45bd7a47ce0,Safe,,Unsafe,Correct
0x17289a3845b17e54c2cd088ff8af51c8d0a4d347,Unsafe,,Unsafe,Correct
0x0743d99b122f5acf2702eac275aabe7e67596924,Safe,,Unsafe,Correct
0xf31f06fec565086b00a2cba7897cf5ae58144366,Safe,,Safe,Correct
0xa26b0a2fc7702ac3cdd4d578df7ef87ecf17908e,Safe,,Unsafe,Correct
0x15dbdb25f870f21eaf9105e68e249e0426dae916,Unsafe,,Timeout_Verifier,
0x943bbeef41460a3f0f3ac7f7a062128ad0ba9cb1,Safe,,Unsafe,Correct
0x936f78b9852d12f5cb93177c1f84fb8513d06263,Unsafe,,Unsafe,Correct
0x90aa6fb2c2ab2c9e3fd5634c054d636c708cd5f3,Unsafe,,Unsafe,Correct
0x33720000b3b3bd4b631b76f85049306be257ddc7,Safe,,Unsafe,Correct
0x14ba17c52e4c2ccbb95de1d2bfff002398f515a7,Safe,,Unsafe,Correct
0x8a772004af0b8fca5e7093c6f277ba7b0e8fa97a,Unsafe,,Unsafe,Incorrect
0xccfa6838739b3de4bd65088913605e028561ea35,Safe,,Unsafe,Correct
0x5b73d26807ea72287bafa1a27fccf8ece5deabc4,Unsafe,,Unsafe,Incorrect
0xca16790e9bb125392960e78befff1d4df4cb5b58,Safe,,Unsafe,Correct
0xcb4038c6aff8c1c7b8ac5ddcdb11960f7ee9352f,Safe,,Unsafe,Correct
0xbd37672116c2f4c14ba5a23921bdc57860e64aa0,Unsafe,,Unsafe,Correct
0xf66ca56fc0cf7b5d9918349150026be80b327892,Unsafe,,Unsafe,Correct
0x9497043f4cd9450867479f3fd873d80d9321094c,Unsafe,,Verif_err,
0x4b8e1ad58657f8b4b036ad12afbcef54d24ac9ba,Safe,,Unsafe,Correct
0xe7f06e64e0d04c6cfedf7e9079d56d0fb7200a2e,Unsafe,,Unsafe,Correct
0x02b2101903eb6a51518e63e84b785180859fda9d,Unsafe,,Unsafe,Correct
0x7c52209718662dde9e18690e5ce435aa81502edd,Safe,,Safe,Correct
0xe6dde79a09d0387947661748669b70439500c64b,Unsafe,,Unsafe,Correct
0x5656913c2a5917866a167d7cb792bfe250966aa1,Safe,,Safe,Correct
0xf75caa57375a75dfc1a7ea917d6abb2c95511053,Unsafe,,Unsafe,Incorrect
0x3fc25331f5e2da27d8f41bbab2f83352eacd6216,Unsafe,,Unsafe,Correct
0xfd2dfa00ba5941958eaec567e59b42c2aa9dbf70,Safe,,Unsafe,Correct
0xb78e82956b6037e13b83c287aa9047f748c0f55a,Unsafe,,Unsafe,Correct
0xc10c9828f251d4a1e4dd29f2b81b630d3f3c0a97,Safe,,Unsafe,Correct
0xce3b5ffca16fff926c890f0885a3e90ceb89db0a,Unsafe,,Unsafe,Correct
0x63dd6f40007731eb7e70a7ae43b55c0fb2090c99,Unsafe,,Unsafe,Correct
0x5ed5b9a13af4581524ebb7a0701bc4366d002289,Unsafe,,Unsafe,Correct
0x4ed985e2da341e276bbf7782f2e1e30689d33c89,Safe,,Unsafe,Correct
0xd361e374be9e3907fceac60c6ea5cbdce89fc9ae,Safe,,Unsafe,Correct
0xbd978342396c90da7f6c5ef2a39862bfd27042a1,Safe,,Safe,Correct
0x637bf8a8bbc1cd620ee245671e85072ba037d33d,Safe,,Safe,Correct
0xb2fbc7e2a418ba2edafde96686fd8b553e8807e2,Safe,,Safe,Correct
0xbf7316fab5c8cfbda5e763a5a1f94c4e0ce7ec37,Safe,,Unsafe,Correct
0x15404da28f01f12f16818ce8d2d61ed55657f9d1,Safe,,Unsafe,Correct
0xe4c1c33ed635263c61bf61db751b8a74ee3af0e4,Unsafe,,Unsafe,Correct
0x872b91913dc7279702b7591c970b02519c4615cf,Unsafe,,Unsafe,Correct
0xfe3672eff595cfd36ed05aaf4622d1aec3b5e852,Unsafe,,Unsafe,Correct
0x0d47d4aea9da60953fd4ae5c47d2165977c7fbea,Unsafe,,Unsafe,Correct
0x52070b253406fc4f2bf71dbaf910f66c45828dba,Unsafe,,Safe,Correct
0x2c96b87f672e66e9f0301bed47cecae3c3b96cfc,Safe,,Safe,Correct
0x75aa81161e07483f6ca199fef46c13eb13d190be,Safe,,Unsafe,Correct
0x022de2e28a61f9d197f8966dd0fc8f7ddf70f2dc,Unsafe,,Unsafe,Correct
0x43d0111ec0584381077a598a1cc5c1fc72722e6c,Unsafe,,Unsafe,Correct
0xfd2487cc0e5dce97f08be1bc8ef1dce8d5988b4d,Unsafe,,Unsafe,Correct
0x71caff5fd6facbaf1863426ac05b3703636a9bb9,Safe,,Safe,Correct
0x0d54292b728730f563fc1eb1b2cbbce79bc1dbcf,Safe,,Safe,Correct
0x44e3d147188de99a1ff0799e77c03724c2032ad6,Safe,,Unsafe,Correct
0xdb901d27e0746fb282365482fa0d9a2c9d3a2d54,Safe,,Unsafe,Correct
0x7698392fff47d8d4cee21295ad1f31b6ced9ad66,Unsafe,,Unsafe,Correct
0xfb0ef9821af57e0e5867cc8b0ad3ee3616fdfb4b,Safe,,Safe,Correct
0xed32566cd7a69508b67cbd69e53e2602de580979,Safe,,Unsafe,Correct
0x90f319fdb28e421611670534ac408892971e73ab,Unsafe,,Unsafe,Correct
0x98a31890002355fbe5231c60db4b1b6c28f45e90,Safe,,Safe,Correct
0x99c2f38a7a0ff38831a4b7fa365687755b32bd92,Safe,,Unsafe,Correct
0x17497d48764c58b5711066f5e6ee9f2a87eff49e,Unsafe,,Unsafe,Correct
0x488690160a80702e6b8e47c7d62ec2779eb5f240,Safe,,Safe,Correct
0x7f9af66163461009e9a4c57f6d3c6421bc47a663,Safe,,Safe,Correct
0x7340a86272757d25f58fa7a06dd1b2e53da7a7d1,Safe,,Unsafe,Correct
0xe1e8eabd8fcf08ed50ae1f2ed4710c1a1f38542c,Unsafe,,Unsafe,Correct
0xc3ef562cc403c8f9edf7c3826655fbf50f4ddde8,Unsafe,,Unsafe,Correct
0xa333604269d38faec526d90db381017009fe4c18,Safe,,Unsafe,Correct
0xb98fdd97f3da105e6b166461afac208981bc786b,Safe,,Unsafe,Correct
0x03033c13832abec0e2b4e32f3f865d179c93d7fd,Safe,,Unsafe,Correct
0x22a3b451d60a72388a37c97bc517e44ad76a50f7,Safe,,Unsafe,Correct
0xac44b0c61c20c5063e22d3a0ff67f13afdfed103,Unsafe,,Unsafe,Correct
0x9df71e0a7566f607eb03550331fbef13b61dc29f,Safe,,Unsafe,Correct
0x566c1023aaf10180b4eb9533050fbf91d7792af1,Unsafe,,Unsafe,Correct
0xea06c9cb0d69058468387f283e9a3f61c53e3c21,Safe,,Unsafe,Correct
0x126ae9554899024a43f05cc9e9da87147d65e48f,Safe,,Safe,Correct
0x139a5a0812bfc9b3d9234c9fd2d8c5d790f71e18,Safe,,Safe,Correct
0x480a53482a6bb981c73473fdce1284dfe9bdf839,Safe,,Safe,Correct
0xaf0f6a53269fc9dbbd9da9f11c368d36b7a60006,Safe,,Unsafe,Correct
0x493f121b6f769fc8dbfb47ab834b13561d835009,Unsafe,,Unsafe,Correct
0xced0b78dd06edfa8dcabff3782d7e159d39d71f4,Safe,,Safe,Correct
0xa9fa83d31ff1cfd14b7f9d17f02e48dcfd9cb0cb,Unsafe,,Unsafe,Correct
0x83b6ad8e37ab7a4f71da533a35271484270ec6c2,Unsafe,,Unsafe,Correct
0x160564d346f6e9fb3d93c034f207ecf9791b7739,Safe,,Safe,Correct
0xe120100349a0b1bf826d2407e519d75c2fe8f859,Safe,,Unsafe,Correct
0x84d50ebf4737331fb41ff9e3c6c324262c5b661c,Safe,,Unsafe,Correct
0xbbd88480ff3c308ce21b8a1752a93eb02459eb3b,Unsafe,,Unsafe,Incorrect
0x48b4cb193b587c6f2dab1a9123a7bd5e7d490ced,Safe,,Safe,Correct
0xbe181da06d93867af0a3ffadcebe345ec35dae4e,Unsafe,,Unsafe,Correct
0xc98f5c1b3b783794e646a8a29e2916668b7d9606,Unsafe,,Unsafe,Incorrect
0xade85d1796008281dbf4baaedb2790d3fea8d89d,Safe,,Unsafe,Correct
0xe3282094d332d26f7dfca853899ec1736f0295ce,Safe,,Unsafe,Correct
0x58dd96aa829353032a21c95733ce484b949b2849,Safe,,Safe,Correct
0x1f948ed78530d5f5b379dadab54f4d4985e0a147,Safe,,Safe,Correct
0x4993cb95c7443bdc06155c5f5688be9d8f6999a5,Unsafe,,Unsafe,Incorrect
0x4ab274fc3a81b300a0016b3805d9b94c81fa54d2,Unsafe,,Unsafe,Correct
0x5e84c1a6e8b7cd42041004de5cd911d537c5c007,Unsafe,,Unsafe,Correct
0x0e0e733dd24168d85ecb5a62bb13385d31edf761,Safe,,Unsafe,Correct
0x6f576af2dba6bf6308caf8feec3fc3d07501c018,Safe,,Unsafe,Correct
0xf184279e6d4654890b4410cf300ed55600f018be,Unsafe,,Unsafe,Correct
0x826a490c2d5d7ccb5f0223b042b39a9dc3cfdfe6,Safe,,Unsafe,Correct
0xfeeb8a968f0d7fd58e29fbfc525051f50ee2fedc,Unsafe,,Unsafe,Correct
0x46d1cab831bf30903d12d32ca4018951684d88b6,Safe,,Unsafe,Correct
0x0e1f95a95fde157d6da1e4b86f9bed7e700c8288,Safe,,Unsafe,Correct
0x2bcca955c9200c9a5f888bc2b14b91aaa56cd5c5,Safe,,Unsafe,Correct
0x9b67a41ad74f9181a5de94efd8fd53a5348189fe,Safe,,Safe,Correct
0x422f8015c5d8168edee923749701360a8a4d0703,Unsafe,,Unsafe,Correct
0x50f54ed2cafd4b7245e60557a6b56d9ac9193025,Safe,,Timeout_Verifier,
0xe0ef28f7b1c99b0ae8cc0d2e9c9b9ca982a13e6f,Safe,,Safe,Correct
0x8086fb1d6457b94c920cfcd7fb4ca14ef2218108,Safe,,Safe,Correct
0x9828953884b857380a80d177c38d95aeb42cd34c,Unsafe,,Unsafe,Correct
0x2e6eae80f371053378ea1bae29b3c3af53510ae3,Safe,,Safe,Correct
0xf70ce1be9685b0cfb531bc712d3faace858b5bfb,Safe,,Unsafe,Correct
0x8ba49452e12449240425de9895b1aa51f5f3b90d,Unsafe,,Unsafe,Correct
0xde3ac1e32853be0a8a259f5b39011e22de6afc68,Safe,,Unsafe,Correct
0x1c9207daaa1da36ba34b7e1bc83810dd7390d7c9,Safe,,Safe,Correct
0x0131c603b0da00a560bde23306815e0577c366ef,Safe,,Safe,Correct
0xf1aa63ad7a897ca02cab6021513ee0a86820153e,Safe,,Safe,Correct
0xe736091fc36f1ad476f5e4e03e4425940822d3ba,Unsafe,,Unsafe,Correct
0x50ae8d7c70c33d1f40b36c75fe9f560646134dd5,Unsafe,,Unsafe,Correct
0x06194c50a5a85bb1fee0e73877eefdef64466514,Safe,,Safe,Correct
0x559b52b6a30ba913a7e8f85c4a6aa443a0fe66ab,Safe,,Unsafe,Correct
0xb4e348c10b8f1dcf2b5bc524f1f2ab912fde4048,Unsafe,,Unsafe,Correct
0x93c9cce56a35a5bba00501a8dcd6ea1392ff3dfd,Unsafe,,Unsafe,Correct
0xd73e3a427600412c4569e7f41a5f4528e10d1274,Safe,,Unsafe,Correct
0x74e6f37549f6ff3173755fab77f0c4e80787eb87,Safe,,Safe,Correct
0x38f9a4fb39e27d6b9a7babb098703596bb16716a,Unsafe,,Unsafe,Correct
0x8d380f918a699f227175f3f4c6b8f80718529362,Safe,,Unsafe,Correct
0xacda0dcc0d49032585801bb83f1657bc1f47a94d,Safe,,Safe,Correct
0x6d1b25385b92f2337550b5e4b786eecb4fd74de3,Unsafe,,Unsafe,Correct
0x2796ff5dbd438fe8dff3384d9e55ec1451e547a2,Unsafe,,Unsafe,Correct
0xd18e21bb13d154a16793c6f89186a034a8116b74,Safe,,Unsafe,Correct
0xeb45e2f4949cca0d7ad4550106cb4fee09003644,Safe,,Unsafe,Correct
0xe242069ef6eac89dcc69a3f2f500a566587c9fc1,Unsafe,,Verif_err,
0x9a7cf00240190c31a9b4c033bf953bc32281d379,Safe,,Unsafe,Correct
0xf1c637c37514171e16c5a621aa91390113048941,Safe,,Safe,Correct
0xa864694cacdf27900afb3c32b1b07aea3c465dde,Unsafe,,Unsafe,Correct
0xaced90c414006b622a4b1ce74fa34b1f650ab319,Unsafe,,Unsafe,Correct
0xb6c0ddc7df76e37e1292a79f77cebf2ed65f5cb8,Safe,,Unsafe,Correct
0x09515cb5e3acaef239ab83d78b2f3e3764fcab9b,Safe,,Unsafe,Correct
0x4337841cff03bb00abc79aa41369c200ae769da5,Safe,,Safe,Correct
0x2414bd872e9289c085b83742a611175203d68466,Safe,,Unsafe,Correct
0x72a68fb6d91ed8dc47b564e088e518c6d4a6ff44,Unsafe,,Unsafe,Correct
0xba6284ca128d72b25f1353fadd06aa145d9095af,Unsafe,,Unsafe,Correct
0x69381683bde924cef65f1c97f7c8fb769a204093,Safe,,Unsafe,Correct
0x3d53f39922187b2a0607f1ca2b567cd41bffef7f,Safe,,Unsafe,Correct
0xfba6ae30dfe97b20ad9ecccd5057ab3e5a1c41fa,Safe,,Unsafe,Correct
0x29e6495732f0550d7d074770ca5a1071b044a2ef,Safe,,Unsafe,Correct
0xf77089f2f00fca83501705b711cbb10a0de77628,Unsafe,,Unsafe,Correct
0x9de355527e5f54247a186c67f9a72403e4372a5d,Safe,,Unsafe,Correct
0x687a241422c92e3d15ce6a02c832f800b74c8b3c,Unsafe,,Unsafe,Correct
0xbdf12a64b482d292f6a45eb8db1809abcd1bb8d1,Safe,,Unsafe,Correct
0x50f7da5ecd7838b1f5a4813cdfb59d7d502dce44,Unsafe,,Safe,Correct
0x4a56ebd89b2750bf42ddec1cd3845938983be0d2,Safe,,Safe,Correct
0x5c40ef6f527f4fba68368774e6130ce6515123f2,Unsafe,,Unsafe,Correct
0x6a92b2804eaef97f222d003c94f683333e330693,Safe,,Safe,Correct
0x685c662ce0779ea3b6bba84948ca08f04fc877ff,Safe,,Unsafe,Correct
0x275498d1fb7ffb5b521f89b23c84224af9f96ea6,Safe,,Unsafe,Correct
0xcdff7c29d41a6b5ee2ffb083866e84b8f5a3a919,Safe,,Safe,Correct
0xbfb0cfd13dbb56c2dbf69eae33255f0ef1fc7955,Unsafe,,Unsafe,Correct
0xbf04a03a4ad0455b450888099eb43a1780feb10d,Safe,,Safe,Correct
0xbe69b8093ca446c97aa2c5ea4746d793fb86c89d,Safe,,Safe,Correct
0x0b0e47119bf5495dfcd9264916a9fe3481cd24c7,Safe,,Safe,Correct
0xdc895e94a0d5ad974af1b5729b10aa9cb7e58843,Safe,,Timeout_Verifier,
0xef76eea079039a9e702e83cdb5427cc77265ec78,Unsafe,,Unsafe,Correct
0xa8fa462e08282f48756a672a03d0e10e154ed2af,Safe,,Safe,Correct
0x57c7784a0789a498db8e6b44486c11f1c2bb9f8a,Safe,,Safe,Correct
0x2807e558a7eba8d25c3a05a0e7e9a6a437a6e6a4,Safe,,Safe,Correct
0xc03db39c18b6056f8c3a3a5495a1e11f3ff8885a,Safe,,Unsafe,Correct
0x5a437d94843541d5cb83221a4a4b253de30b97b7,Unsafe,,Unsafe,Correct
0xc7dfe4304bd4c9dd6ed414443c077fc06501e9ac,Safe,,Unsafe,Correct
0x6896ad514a2ce7586762f8e641c7821827a255c1,Safe,,Safe,Correct
0x18429dedafbb65443edf60402294df5c01aee1da,Unsafe,,Unsafe,Correct
0x536c2622748118a82bc9fb15a450d828966d9761,Safe,,Safe,Correct
0x788c964f356086b9578b8b4f0fffe13a96c0c7b8,Safe,,Unsafe,Correct
0xeb17adcc8cf24d2d6813f50f647b613df01014a2,Safe,,Unsafe,Correct
0xabe515178f01cf38a84ac56c91c328695be2f1aa,Safe,,Safe,Correct
0xfa7b9770ca4cb04296cac84f37736d4041251cdf,Unsafe,,Unsafe,Correct
0x5dc8108fc79018113a58328f5283b376b83922ef,Safe,,Safe,Correct
0x8154ae317a767e69d7f427aebdfbdddadcd5cf48,Safe,,Safe,Correct
0xd41f3b51e0c2d825a1178582d27c84dbfe48d1af,Unsafe,,Unsafe,Incorrect
0xdea48d521832780f5e437f7f744c94d2cda85af9,Safe,,Unsafe,Incorrect
0x498e950892260b0e9dfd5895d7501f340e92d263,Unsafe,,Unsafe,Correct
0x139759b6cfada56ccf5b3536f21eac209140a9d4,Unsafe,,Unsafe,Correct
0x78d4f849aab2b0a5a66f76b9b1ff47da5a9ae492,Safe,,Safe,Correct
0x7da82c7ab4771ff031b66538d2fb9b0b047f6cf9,Safe,,Unsafe,Correct
0xb27df746cd69ac81c9f15efbf4a150efc05bbdda,Safe,,Safe,Correct
0xc357a046c5c13bb4e6d918a208b8b4a0ab2f2efd,Unsafe,,Unsafe,Correct
0xc5b2508e878af367ba4957bdbeb2bbc6da5bb349,Safe,,Unsafe,Correct
0x9473bc8bb575ffc15cb2179cd9398bdf5730bf55,Unsafe,,Unsafe,Correct
0x77eec19c8ba79b1c7c79311ec810cbf88d924751,Unsafe,,Unsafe,Correct
0x37f4de8d0825c10a89d6a30de11db0081d406029,Safe,,Safe,Correct
0x4229a873bbd207deef8f41e807e563c26033d118,Unsafe,,Unsafe,Correct
0x3ff334887dbf3d8ce5cb4291f71f0b7752605a68,Safe,,Unsafe,Correct
0x5d1bdb9f207b760b01cad60ea45f7a0ab8d19e53,Safe,,Safe,Correct
0x408b8fbc19bb5ffff7d5e5c430f765524fae77c5,Safe,,Unsafe,Correct
0xfdf80d82cea8da22225ffdae9ef6ebf8259f6a9c,Unsafe,,Safe,Correct
0x4c24fd04063e8b1c881e5ec0f46208d66d010c64,Unsafe,,Unsafe,Correct
0x0444f06a52320af2df7e60d1923080002838ce93,Safe,,Unsafe,Correct
0x1f0b9db5bb0f2a60f8c8824cec738c15805dbdec,Unsafe,,Unsafe,Correct
0xc6e3358d02d95415585f1f41920dab82cb85ceb0,Safe,,Unsafe,Correct
0xf6d9979499491c1c0c9ef518860f4476c1cd551a,Safe,,Safe,Correct
0x28dcd428e8125990f9e5fe1b82db0e3ed240711c,Unsafe,,Unsafe,Correct
0x81a47e985b7a133728e97efc7f9ec3654b6e73f0,Unsafe,,Unsafe,Correct
0xb193cd700b152a8ccad3c3491617da397e3c1f7b,Safe,,Safe,Correct
0xd8912c10681d8b21fd3742244f44658dba12264e,Unsafe,,Unsafe,Correct
0x1aa7cd179908adb9c257e7501c1eb32531e66616,Safe,,Unsafe,Correct
0x1afafa792d425385e3014528b62ae70aa70452a9,Unsafe,,Unsafe,Correct
0x80a92535c95d0e6cebece256df3c1b540c60dccb,Safe,,Unsafe,Correct
0x125c0260feec92471d1a144f3cdce185a565f374,Unsafe,,Unsafe,Correct
0xad2b1feb2153cd5a6b8a5f37a820ba013a89cabf,Safe,,Unsafe,Correct
0xc90233644d2eeb37a7ec641072c85ad272ef2feb,Unsafe,,Unsafe,Correct
0x7fe180e63198e50057c3f2817d058e8904c650e3,Safe,,Unsafe,Correct
0x43bbc7fafb860d974037b8f7dd06b6f6fe799b3e,Safe,,Unsafe,Correct
0xf3134ed7ee4261685e8792ec395323f6dbad7fd3,Safe,,Safe,Correct
0x5101f2356bd03ca2946ab1c18ca47284849e5814,Safe,,Unsafe,Correct
0x7894ccf2997c8c89a80b86faa012d09d53ed48b9,Unsafe,,Unsafe,Correct
0x73e25c92d1669af02142f556c1918a1de537ba0e,Safe,,Unsafe,Correct
0x1d7c28f5075c102dae1588fbffbb303b04852b49,Safe,,Unsafe,Correct
0xc1caec30b787711108957660a3f9306a5d967f66,Safe,,Safe,Correct
0xcca5828374bbe5da0dedeb24fc16ca6c9047b8eb,Safe,,Safe,Correct
0xc9b35f068b703835423ae43c7859a4921fb6f1ac,Unsafe,,Unsafe,Incorrect
0x9d0135658dd0472310e44bcd520fd0a141db0bbb,Safe,,Unsafe,Correct
0x9220d625bd6bea95c865b3c4faf273bfbd6bc48a,Unsafe,,Unsafe,Correct
0xc1f9de7df87eb7a933192e4e9178b0b07472f65c,Safe,,Unsafe,Correct
0x2c7cc21b5c65b66f2e6ee6f51546fc7c6b5d37a2,Unsafe,,Unsafe,Correct
0x04afa8d058beffce172843827ac0106408b7c3bf,Unsafe,,Unsafe,Correct
0x9828f591b21ee4ad4fd803fc7339588cb83a6b84,Safe,,Safe,Correct
0x95c2906debbb9203ff7007f26c2f00a936c77b5d,Unsafe,,Unsafe,Correct
0xc8feb2440adfad9e863d5640ff6924d2eabce502,Safe,,Safe,Correct
0x0f26c26318872e8fa85dee5d30cba45ed53b3d3e,Unsafe,,Unsafe,Correct
0x02a76ce1bfb4da63a0736c3d177d039f2fddd629,Safe,,Unsafe,Correct
0xc9035967489cc2aad28768c95e142b5df89252ec,Unsafe,,Unsafe,Correct
0xf4cae4aec9b4d7682f8cee4d9a273ba063e71366,Unsafe,,Unsafe,Correct
0xb0ceaa9cc523332cbef9fc606221cc0bc2d0872d,Safe,,Unsafe,Correct
0x3ac26f27595effeb5e426bd093081ec30ebdd545,Unsafe,,Unsafe,Correct
0xd05d56acd892f33010d93ddf6d9593511b618946,Safe,,Unsafe,Correct
0xf45717552f12ef7cb65e95476f217ea008167ae3,Unsafe,,Unsafe,Correct
0x6f4024e5549bfda253d0997adb228bfeaac9b204,Unsafe,,Unsafe,Incorrect
0xf36b0f457999cbbb436eeb28dbb5944bfc3f99de,Unsafe,,Unsafe,Correct
0xba69e7c96e9541863f009e713caf26d4ad2241a0,Unsafe,,Unsafe,Correct
0x83651a62b632c261442f396ad7202fe2a4995e3a,Safe,,Unsafe,Correct
0xb3f2d5f68fb7171fddb3488f25582df57ed63080,Unsafe,,Unsafe,Correct
0xfe518bb82b3a7bd521f9753e180f5d782eef4cdf,Unsafe,,Unsafe,Correct
0x37b53b46fa74ac3f9b4340dc5a39aabb0f2afa33,Unsafe,,Unsafe,Correct
0x60969502dcc224af341d607dbbbe4b2472506be8,Unsafe,,Unsafe,Correct
0x931d84b85da4f377ac977e1f78603af166c224f4,Safe,,Unsafe,Correct
0x477bb914dc811282675eadb05a1c272132429bbb,Safe,,Unsafe,Correct
0xe8e506306ddb78ee38c9b0d86c257bd97c2536b3,Safe,,Safe,Correct
0xa43df25e1b6152c1bf6799035d094661478cc1bc,Safe,,Safe,Correct
0x21397c1a1f4acd9132fe36df011610564b87e24b,Safe,,Unsafe,Correct
0x0807a2d6a675e7196a3d9b1910700cae9795b72a,Unsafe,,Unsafe,Correct
0x82df5022fbcfdd877830371d7713f0181a554c9c,Unsafe,,Unsafe,Correct
0x5385d02f3a254ca716c144c7c333553a2e6ec931,Safe,,Unsafe,Correct
0xa5614e9591bbdc48b1ace591b0fa5e7f6716ad86,Safe,,Safe,Correct
0x41f2d5040726c5328f8366f17041ec012ac8f338,Unsafe,,Unsafe,Correct
0x9f1d916a456b96146e9f0dbbd0e107a1f389a061,Unsafe,,Unsafe,Correct
0xd8f5aaeb74a899ccd13b9cf0f1e036837688ffbc,Unsafe,,Unsafe,Correct
0x3ab274f835d1939d20d0bbb72a1fb513d7a7a675,Safe,,Unsafe,Correct
0xaf2b8e6114da000176c506f77b173251c16b511d,Unsafe,,Unsafe,Correct
0x015a06a433353f8db634df4eddf0c109882a15ab,Safe,,Safe,Correct
0x07307d0b136a79bac718f43388aed706389c4588,Safe,,Timeout_Verifier,
0xc35650a5aeee97e66112e2aac83f80853d221ae8,Safe,,Safe,Correct
0x39392e63f58c1a2ec5cf3da6f5c4b08cbbb84fec,Safe,,Unsafe,Correct
0xc8d9890df1ff2e87be05e9edab3cca26f054b611,Safe,,Unsafe,Correct
0x2071f61de93ca756f83264a7f4a661ca0383742e,Safe,,Unsafe,Correct
0x9e611784170b297091de56eb50162548d9b54d87,Unsafe,,Unsafe,Correct
0x49f053b866c33185fa1151e71fc80d5fe6b08a92,Unsafe,,Unsafe,Correct
0xebfed9e4ae035b0f7ae982d1a7abfe0aa26a0341,Safe,,Unsafe,Correct
0xce9bb652dd190454b91cee1f7d5fe6bac3ca85fc,Safe,,Safe,Correct
0xe8fa01955f6bdc8d6c9ce38c33ae24ec361b91a5,Safe,,Unsafe,Correct
0x6d15c485bd22be99d7fa014917f736b7caa19051,Safe,,Unsafe,Correct
0xbf54d498760fe8e8f4dff031b783362de7043cb4,Safe,,Safe,Correct
0xc6c4c7826d44abf22c711e8e86bdc3f5242d2182,Unsafe,,Unsafe,Correct
0x8d51bc87e89528840e551382298f184ffd865d57,Safe,,Safe,Correct
0xfe70f7d0fe6ceb71d4fc0308322ffa6098043e43,Safe,,Safe,Correct
0x804ed8adf1563e683ee21e86d111c4305d35309a,Unsafe,,Unsafe,Correct
0x8c0a599d3ff4d3344cb93ae49247c11b645c5e44,Safe,,Safe,Correct
0x6439e643dc316ac4108ebdc6c364a65994b6b1ff,Safe,,Unsafe,Correct
0x2f81a082e11ee3ab3b063bb9605affc8e3121926,Safe,,Unsafe,Correct
0xb1d58bad78f33892719cdeba218f8641a71a3f05,Safe,,Unsafe,Correct
0x83b325a5831a9c547588693635cb58b02e722355,Safe,,Timeout_Verifier,
0xed6ac8de7c7ca7e3a22952e09c2a2a1232ddef9a,Unsafe,,Unsafe,Correct
0xf347ee4bf34a1a4e5c7a11694669602b5324fc56,Safe,,Safe,Correct
0x27c41d20014fa87291006d02ddd81b2128039bd7,Safe,,Safe,Correct
0x508f9aae15b214324c31bb522159f0ac6464e0cb,Safe,,Safe,Correct
0xee4e09a72c5f8d60ce09b4b90dd1ee680fc375fe,Safe,,Safe,Correct
0xaed5a41450b38fc0ea0f6f203a985653fe187d9c,Safe,,Unsafe,Correct
0xe0cfa488bb6442d39a4abf844d5876f209f03871,Safe,,Unsafe,Correct
0x032747313c4e914b5fce356ab8dc4df551972dcd,Unsafe,,Unsafe,Correct
0x401e28717a6a35a50938bc7f290f2678fc0a2816,Unsafe,,Unsafe,Correct
0x817b0a0855fa6e1e0b9a994979b3d5bf864d9560,Safe,,Unsafe,Correct
0x4f634dc221ad8c1b65c23f2782f209fda5712fc2,Unsafe,,Unsafe,Correct
0xe57a41170f18fab3248d623f06bd92b32260fae2,Unsafe,,Unsafe,Incorrect
0x6b80a8c7958e25a7ab14e4dd68257d7566c487eb,Safe,,Unsafe,Correct
0x8e92a860181f4dd7d81d761adaa8f90363cefa74,Safe,,Safe,Correct
0xfb238c1c500c612fe0c784a871f73fc852f37c33,Safe,,Safe,Correct
0x37ab318c0cb4950c430c1ac8504081fd3403c418,Safe,,Safe,Correct
0x50cb0011a52a8415deae370301d78369e6089fa2,Safe,,Safe,Correct
0xe98e873ad9665690538cbdf4a4a21a3f286e9028,Safe,,Unsafe,Correct
0x2dc0170450e66af2d3f5c56aa0b20ec4a254902e,Unsafe,,Unsafe,Correct
0x06ca941d0d6fdbb52e07c8d8f2f446e7515a8b1a,Unsafe,,Unsafe,Correct
0xf504f3d488c7bb20a424943a6fc4ea2badcb9a18,Safe,,Safe,Correct
0x0b7089d2cff291637071cbacd975f8b0f874fd66,Safe,,Safe,Correct
0x4d0cea0582c85680c0801c0789bbd5e5bde6d9e4,Safe,,Safe,Correct
0x1368e088682b3ea455c4856297365542ca6828d8,Safe,,Unsafe,Correct
0x1e2e3cc6ce2e87a9aa1684e948e41a17c5ac3ecc,Safe,,Unsafe,Correct
0x70e2475b7da322d4a379e43cd7495c63c055192a,Safe,,Unsafe,Correct
0x83d904a2489bae727c1037469206891d8d058d92,Safe,,Unsafe,Correct
0x736e2bec92f3694e6f7f9386a42c6eefa92099f8,Safe,,Unsafe,Correct
0x5d951e9377ec3383808d842fb37182c1363ca34b,Safe,,Safe,Correct
0x2223f8075193a9989bfdfbcf1d37b2d56187e10b,Safe,,Unsafe,Correct
0x4b19f307dda1be6bc17c999bc29e24633155c990,Unsafe,,Unsafe,Correct
0x74aca0f1a40f7e0f3845dadf52c65060de7749af,Unsafe,,Unsafe,Incorrect
0x86a0bb248d9417ad4bdd1f06b115a02b43e622a4,Unsafe,,Unsafe,Correct
0x0e08f0daee46e772eee7999c5b6d7d0401d8d72b,Safe,,Safe,Correct
0xeae6c55570afcec8fff6dfe866dd142369b87251,Safe,,Unsafe,Correct
0x66342e803943929dc47bca1d625f42c7c725b049,Unsafe,,Unsafe,Correct
0x3f01890d6496fd00c0f9995325bf609cc28d8fd9,Safe,,Unsafe,Correct
0x75fccf28c150de87bcd59783ba2452cbc54adb1b,Safe,,Unsafe,Correct
0x70a8629c1b9a50133c5325502232bd54447beee7,Unsafe,,Unsafe,Correct
0xac504e2a9c870a48de521ed513b251b1f7116dd9,Safe,,Unsafe,Correct
0x1c3c643f49be262c3040e917e7d2299b9bc081a1,Safe,,Unsafe,Correct
0x1f36f2249ec89266ad4ee4351538148aaebc72e8,Unsafe,,Unsafe,Correct
0x911143d946ba5d467bfc476491fdb235fef4d667,Unsafe,,Verif_err,
0x260972db3571a4297b9e0cfa237eabbc9c6e35ce,Safe,,Safe,Correct
0x7f6d05523908a9688eab8ab8bbc7842e3d453bfb,Safe,,Safe,Correct
0x258d778e4771893758dfd3e7dd1678229320eeb5,Safe,,Unsafe,Correct
0xa0388ffb2a3c198dee723135e0caa423840b375a,Unsafe,,Unsafe,Correct
0x509f5ca1c64f0f0a63e5c28adb3398a3c3ec13cf,Safe,,Safe,Correct
0x4aac9f93f325035527633e4598c469dea47baa8a,Unsafe,,Unsafe,Correct
0xd39fe1cffd8f070429169b416b7e07f486d553cf,Safe,,Unsafe,Correct
0x629469c8db3a4d7bcc3a823effcf8900119ba7e7,Safe,,Safe,Correct
0x26c4e381ffbdc825be9b986c3ba40525f0771e8d,Unsafe,,Verif_err,
0x4358da4c0c2da67b720e18b12733b8db6b93f49b,Safe,,Safe,Correct
0xdb6d68e1d8c3f69d32e2d83065492e502b4c67ba,Safe,,Unsafe,Correct
0x6b63ea3612dde97082aab468157950f927618d31,Safe,,Unsafe,Correct
0xa379bbdd0af814502eb9b38d475c7fa7411bb4ec,Unsafe,,Unsafe,Correct
0x5f0d0c4c159970fda5adc93a6b7f17706fd3255c,Safe,,Unsafe,Correct
0xdac8da3e58c11b4e0e8dfaefe191107e143ac29b,Unsafe,,Unsafe,Correct
0x1213c29b5e1a6f33e0d044f850a57b665e3cde21,Unsafe,,Unsafe,Correct
0x60f573825ae6172d04b434ed439b97d079387227,Safe,,Safe,Correct
0x89205a3a3b2a69de6dbf7f01ed13b2108b2c43e7,Unsafe,,Unsafe,Correct
0xbad661c5a1970342ade69857689738b6c8d9da51,Safe,,Safe,Correct
0x80d9c4f6209044de069c545f68644419b520a02f,Unsafe,,Unsafe,Correct
0x5b2ff75d7eaa47db475707dae12a688102ef4290,Safe,,Unsafe,Correct
0xd2f7bba33a3b81792c0f9cc2de6d9266002a5591,Safe,,Safe,Correct
0xbb9854bfd082c48b4d426ac6a2a152b01326f46f,Unsafe,,Unsafe,Correct
0xee462a6717f17c57c826f1ad9b4d3813495296c9,Unsafe,,Unsafe,Correct
0x98f0485cdd22710a9a923e616567eadfe62e258e,Safe,,Unsafe,Correct
0x04daec4e1fc6a4b4555b509b7c5c673ebad29f1f,Unsafe,,Safe,Correct
0x39dd472fe82f0d2055cdc01cecbd5130cd1f2a79,Safe,,Safe,Correct
0x6dfda679ab3b78d4732de67194c204ea7c47abfa,Safe,,Safe,Correct
0x23141df767233776f7cbbec497800ddedaa4c684,Safe,,Safe,Correct
0x843a9a7ec853026dc2e3688dafaf70395afb131d,Unsafe,,Unsafe,Correct
0x1dea4ca1ca2a2c946b233a227883ef6846cf17d5,Unsafe,,Unsafe,Correct
0xac8fa8394958863e6e770d7c03ae62be59cd6e41,Safe,,Safe,Correct
0x8e0806b4e7aa1e74d798124756bcf1263cd830d0,Unsafe,,Unsafe,Correct
0x25bfd7bb92d9e0599435b6efb448f08648c9865a,Unsafe,,Unsafe,Correct
0x5eaf255aa8008f3092f3b41c393df09b15ac4466,Safe,,Safe,Correct
0x02268047f5c77a6a533619773474d1a6e510443f,Safe,,Safe,Correct
0xc98c6afec677606c24173137f2abc0e33ee7e067,Safe,,Safe,Correct
0x2a53f42ad8bba138c21b50a4e5711f18381a61e9,Safe,,Unsafe,Correct
0x162ac26e2f0fe036c3a3d370c118de0b6c883083,Unsafe,,Unsafe,Correct
0x8d7b6fb1523f04e644085e14d5e49b1c6278c92e,Safe,,Unsafe,Correct
0x2501b1c32aebed49d5517248b679aa3b89cdb8c2,Safe,,Unsafe,Correct
0x3d42f7eb6b97ab66d8d44c725651befe02a70e5e,Safe,,Safe,Correct
0x690392cb6907cba0888be2b56aa1bdec1c0b7e87,Safe,,Unsafe,Correct
0xd1c37dffd4ef36867c5bd7e59566358ea3d21e63,Safe,,Unsafe,Correct
0xf1101db4c9dd26bdace9bc7e30393f80c7b5e6c6,Safe,,Safe,Correct
0x450dc30a8b1a26e3e5ba6102216276b9c77716bc,Safe,,Safe,Correct
0xb19ff6657a80a68c94ca3fe6aac3b6cfd16bdcd4,Safe,,Unsafe,Correct
